,rgi_id
8698,RGI2000-v7.0-G-01-00017
8699,RGI2000-v7.0-G-01-00031
8700,RGI2000-v7.0-G-01-00032
8701,RGI2000-v7.0-G-01-00055
8702,RGI2000-v7.0-G-01-00075
8703,RGI2000-v7.0-G-01-00077
8704,RGI2000-v7.0-G-01-00155
8705,RGI2000-v7.0-G-01-00170
8706,RGI2000-v7.0-G-01-00199
8707,RGI2000-v7.0-G-01-00204
8708,RGI2000-v7.0-G-01-00205
8709,RGI2000-v7.0-G-01-00206
8710,RGI2000-v7.0-G-01-00208
8711,RGI2000-v7.0-G-01-00210
8712,RGI2000-v7.0-G-01-00218
8713,RGI2000-v7.0-G-01-00219
8714,RGI2000-v7.0-G-01-00226
8715,RGI2000-v7.0-G-01-00228
8716,RGI2000-v7.0-G-01-00230
8717,RGI2000-v7.0-G-01-00233
8718,RGI2000-v7.0-G-01-00237
8719,RGI2000-v7.0-G-01-00249
8720,RGI2000-v7.0-G-01-00253
8721,RGI2000-v7.0-G-01-00290
8722,RGI2000-v7.0-G-01-00291
8723,RGI2000-v7.0-G-01-00295
8724,RGI2000-v7.0-G-01-00298
8725,RGI2000-v7.0-G-01-00312
8726,RGI2000-v7.0-G-01-00315
8727,RGI2000-v7.0-G-01-00323
8728,RGI2000-v7.0-G-01-00327
8729,RGI2000-v7.0-G-01-00329
8730,RGI2000-v7.0-G-01-00330
8731,RGI2000-v7.0-G-01-00331
8732,RGI2000-v7.0-G-01-00333
8733,RGI2000-v7.0-G-01-00347
8734,RGI2000-v7.0-G-01-00348
8735,RGI2000-v7.0-G-01-00351
8736,RGI2000-v7.0-G-01-00368
8737,RGI2000-v7.0-G-01-00372
8738,RGI2000-v7.0-G-01-00374
8739,RGI2000-v7.0-G-01-00378
8740,RGI2000-v7.0-G-01-00383
8741,RGI2000-v7.0-G-01-00390
8742,RGI2000-v7.0-G-01-00399
8743,RGI2000-v7.0-G-01-00411
8744,RGI2000-v7.0-G-01-00422
8745,RGI2000-v7.0-G-01-00424
8746,RGI2000-v7.0-G-01-00425
8747,RGI2000-v7.0-G-01-00426
8748,RGI2000-v7.0-G-01-00427
8749,RGI2000-v7.0-G-01-00428
8750,RGI2000-v7.0-G-01-00431
8751,RGI2000-v7.0-G-01-00434
8752,RGI2000-v7.0-G-01-00440
8753,RGI2000-v7.0-G-01-00442
8754,RGI2000-v7.0-G-01-00445
8755,RGI2000-v7.0-G-01-00453
8756,RGI2000-v7.0-G-01-00457
8757,RGI2000-v7.0-G-01-00461
8758,RGI2000-v7.0-G-01-00463
8759,RGI2000-v7.0-G-01-00464
8760,RGI2000-v7.0-G-01-00469
8761,RGI2000-v7.0-G-01-00472
8762,RGI2000-v7.0-G-01-00476
8763,RGI2000-v7.0-G-01-00484
8764,RGI2000-v7.0-G-01-00485
8765,RGI2000-v7.0-G-01-00487
8766,RGI2000-v7.0-G-01-00495
8767,RGI2000-v7.0-G-01-00503
8768,RGI2000-v7.0-G-01-00510
8769,RGI2000-v7.0-G-01-00512
8770,RGI2000-v7.0-G-01-00519
8771,RGI2000-v7.0-G-01-00523
8772,RGI2000-v7.0-G-01-00573
8773,RGI2000-v7.0-G-01-00576
8774,RGI2000-v7.0-G-01-00581
8775,RGI2000-v7.0-G-01-00582
8776,RGI2000-v7.0-G-01-00585
8777,RGI2000-v7.0-G-01-00587
8778,RGI2000-v7.0-G-01-00592
8779,RGI2000-v7.0-G-01-00594
8780,RGI2000-v7.0-G-01-00612
8781,RGI2000-v7.0-G-01-00613
8782,RGI2000-v7.0-G-01-00638
8783,RGI2000-v7.0-G-01-00641
8784,RGI2000-v7.0-G-01-00651
8785,RGI2000-v7.0-G-01-00713
8786,RGI2000-v7.0-G-01-00718
8787,RGI2000-v7.0-G-01-00724
8788,RGI2000-v7.0-G-01-00731
8789,RGI2000-v7.0-G-01-00762
8790,RGI2000-v7.0-G-01-00778
8791,RGI2000-v7.0-G-01-00779
8792,RGI2000-v7.0-G-01-00780
8793,RGI2000-v7.0-G-01-00781
8794,RGI2000-v7.0-G-01-00808
8795,RGI2000-v7.0-G-01-00835
8796,RGI2000-v7.0-G-01-00842
8797,RGI2000-v7.0-G-01-00849
8798,RGI2000-v7.0-G-01-00855
8799,RGI2000-v7.0-G-01-00860
8800,RGI2000-v7.0-G-01-00863
8801,RGI2000-v7.0-G-01-00865
8802,RGI2000-v7.0-G-01-00866
8803,RGI2000-v7.0-G-01-00873
8804,RGI2000-v7.0-G-01-00874
8805,RGI2000-v7.0-G-01-00880
8806,RGI2000-v7.0-G-01-00958
8807,RGI2000-v7.0-G-01-00970
8808,RGI2000-v7.0-G-01-00971
8809,RGI2000-v7.0-G-01-00974
8810,RGI2000-v7.0-G-01-00975
8811,RGI2000-v7.0-G-01-00976
8812,RGI2000-v7.0-G-01-00978
8813,RGI2000-v7.0-G-01-00981
8814,RGI2000-v7.0-G-01-00988
8815,RGI2000-v7.0-G-01-00989
8816,RGI2000-v7.0-G-01-00993
8817,RGI2000-v7.0-G-01-00994
8818,RGI2000-v7.0-G-01-01009
8819,RGI2000-v7.0-G-01-01025
8820,RGI2000-v7.0-G-01-01033
8821,RGI2000-v7.0-G-01-01034
8822,RGI2000-v7.0-G-01-01035
8823,RGI2000-v7.0-G-01-01037
8824,RGI2000-v7.0-G-01-01039
8825,RGI2000-v7.0-G-01-01042
8826,RGI2000-v7.0-G-01-01043
8827,RGI2000-v7.0-G-01-01046
8828,RGI2000-v7.0-G-01-01047
8829,RGI2000-v7.0-G-01-01048
8830,RGI2000-v7.0-G-01-01050
8831,RGI2000-v7.0-G-01-01051
8832,RGI2000-v7.0-G-01-01054
8833,RGI2000-v7.0-G-01-01055
8834,RGI2000-v7.0-G-01-01056
8835,RGI2000-v7.0-G-01-01058
8836,RGI2000-v7.0-G-01-01062
8837,RGI2000-v7.0-G-01-01067
8838,RGI2000-v7.0-G-01-01068
8839,RGI2000-v7.0-G-01-01070
8840,RGI2000-v7.0-G-01-01074
8841,RGI2000-v7.0-G-01-01078
8842,RGI2000-v7.0-G-01-01080
8843,RGI2000-v7.0-G-01-01082
8844,RGI2000-v7.0-G-01-01085
8845,RGI2000-v7.0-G-01-01100
8846,RGI2000-v7.0-G-01-01102
8847,RGI2000-v7.0-G-01-01103
8848,RGI2000-v7.0-G-01-01112
8849,RGI2000-v7.0-G-01-01113
8850,RGI2000-v7.0-G-01-01115
8851,RGI2000-v7.0-G-01-01117
8852,RGI2000-v7.0-G-01-01129
8853,RGI2000-v7.0-G-01-01133
8854,RGI2000-v7.0-G-01-01136
8855,RGI2000-v7.0-G-01-01138
8856,RGI2000-v7.0-G-01-01149
8857,RGI2000-v7.0-G-01-01156
8858,RGI2000-v7.0-G-01-01157
8859,RGI2000-v7.0-G-01-01169
8860,RGI2000-v7.0-G-01-01174
8861,RGI2000-v7.0-G-01-01182
8862,RGI2000-v7.0-G-01-01194
8863,RGI2000-v7.0-G-01-01198
8864,RGI2000-v7.0-G-01-01207
8865,RGI2000-v7.0-G-01-01214
8866,RGI2000-v7.0-G-01-01215
8867,RGI2000-v7.0-G-01-01216
8868,RGI2000-v7.0-G-01-01217
8869,RGI2000-v7.0-G-01-01220
8870,RGI2000-v7.0-G-01-01221
8871,RGI2000-v7.0-G-01-01225
8872,RGI2000-v7.0-G-01-01227
8873,RGI2000-v7.0-G-01-01244
8874,RGI2000-v7.0-G-01-01248
8875,RGI2000-v7.0-G-01-01250
8876,RGI2000-v7.0-G-01-01251
8877,RGI2000-v7.0-G-01-01253
8878,RGI2000-v7.0-G-01-01255
8879,RGI2000-v7.0-G-01-01256
8880,RGI2000-v7.0-G-01-01269
8881,RGI2000-v7.0-G-01-01270
8882,RGI2000-v7.0-G-01-01271
8883,RGI2000-v7.0-G-01-01272
8884,RGI2000-v7.0-G-01-01274
8885,RGI2000-v7.0-G-01-01275
8886,RGI2000-v7.0-G-01-01279
8887,RGI2000-v7.0-G-01-01281
8888,RGI2000-v7.0-G-01-01284
8889,RGI2000-v7.0-G-01-01289
8890,RGI2000-v7.0-G-01-01293
8891,RGI2000-v7.0-G-01-01294
8892,RGI2000-v7.0-G-01-01298
8893,RGI2000-v7.0-G-01-01299
8894,RGI2000-v7.0-G-01-01303
8895,RGI2000-v7.0-G-01-01308
8896,RGI2000-v7.0-G-01-01310
8897,RGI2000-v7.0-G-01-01311
8898,RGI2000-v7.0-G-01-01313
8899,RGI2000-v7.0-G-01-01315
8900,RGI2000-v7.0-G-01-01318
8901,RGI2000-v7.0-G-01-01328
8902,RGI2000-v7.0-G-01-01329
8903,RGI2000-v7.0-G-01-01332
8904,RGI2000-v7.0-G-01-01334
8905,RGI2000-v7.0-G-01-01335
8906,RGI2000-v7.0-G-01-01345
8907,RGI2000-v7.0-G-01-01357
8908,RGI2000-v7.0-G-01-01358
8909,RGI2000-v7.0-G-01-01366
8910,RGI2000-v7.0-G-01-01372
8911,RGI2000-v7.0-G-01-01386
8912,RGI2000-v7.0-G-01-01388
8913,RGI2000-v7.0-G-01-01395
8914,RGI2000-v7.0-G-01-01396
8915,RGI2000-v7.0-G-01-01398
8916,RGI2000-v7.0-G-01-01399
8917,RGI2000-v7.0-G-01-01400
8918,RGI2000-v7.0-G-01-01403
8919,RGI2000-v7.0-G-01-01406
8920,RGI2000-v7.0-G-01-01407
8921,RGI2000-v7.0-G-01-01409
8922,RGI2000-v7.0-G-01-01410
8923,RGI2000-v7.0-G-01-01414
8924,RGI2000-v7.0-G-01-01415
8925,RGI2000-v7.0-G-01-01416
8926,RGI2000-v7.0-G-01-01417
8927,RGI2000-v7.0-G-01-01424
8928,RGI2000-v7.0-G-01-01437
8929,RGI2000-v7.0-G-01-01441
8930,RGI2000-v7.0-G-01-01442
8931,RGI2000-v7.0-G-01-01443
8932,RGI2000-v7.0-G-01-01447
8933,RGI2000-v7.0-G-01-01451
8934,RGI2000-v7.0-G-01-01456
8935,RGI2000-v7.0-G-01-01464
8936,RGI2000-v7.0-G-01-01465
8937,RGI2000-v7.0-G-01-01466
8938,RGI2000-v7.0-G-01-01475
8939,RGI2000-v7.0-G-01-01476
8940,RGI2000-v7.0-G-01-01478
8941,RGI2000-v7.0-G-01-01479
8942,RGI2000-v7.0-G-01-01487
8943,RGI2000-v7.0-G-01-01495
8944,RGI2000-v7.0-G-01-01499
8945,RGI2000-v7.0-G-01-01511
8946,RGI2000-v7.0-G-01-01528
8947,RGI2000-v7.0-G-01-01530
8948,RGI2000-v7.0-G-01-01536
8949,RGI2000-v7.0-G-01-01542
8950,RGI2000-v7.0-G-01-01545
8951,RGI2000-v7.0-G-01-01546
8952,RGI2000-v7.0-G-01-01560
8953,RGI2000-v7.0-G-01-01561
8954,RGI2000-v7.0-G-01-01564
8955,RGI2000-v7.0-G-01-01567
8956,RGI2000-v7.0-G-01-01568
8957,RGI2000-v7.0-G-01-01572
8958,RGI2000-v7.0-G-01-01575
8959,RGI2000-v7.0-G-01-01577
8960,RGI2000-v7.0-G-01-01580
8961,RGI2000-v7.0-G-01-01584
8962,RGI2000-v7.0-G-01-01586
8963,RGI2000-v7.0-G-01-01587
8964,RGI2000-v7.0-G-01-01589
8965,RGI2000-v7.0-G-01-01594
8966,RGI2000-v7.0-G-01-01595
8967,RGI2000-v7.0-G-01-01607
8968,RGI2000-v7.0-G-01-01611
8969,RGI2000-v7.0-G-01-01616
8970,RGI2000-v7.0-G-01-01617
8971,RGI2000-v7.0-G-01-01619
8972,RGI2000-v7.0-G-01-01625
8973,RGI2000-v7.0-G-01-01626
8974,RGI2000-v7.0-G-01-01628
8975,RGI2000-v7.0-G-01-01634
8976,RGI2000-v7.0-G-01-01644
8977,RGI2000-v7.0-G-01-01656
8978,RGI2000-v7.0-G-01-01658
8979,RGI2000-v7.0-G-01-01659
8980,RGI2000-v7.0-G-01-01660
8981,RGI2000-v7.0-G-01-01661
8982,RGI2000-v7.0-G-01-01663
8983,RGI2000-v7.0-G-01-01664
8984,RGI2000-v7.0-G-01-01666
8985,RGI2000-v7.0-G-01-01674
8986,RGI2000-v7.0-G-01-01677
8987,RGI2000-v7.0-G-01-01686
8988,RGI2000-v7.0-G-01-01696
8989,RGI2000-v7.0-G-01-01705
8990,RGI2000-v7.0-G-01-01707
8991,RGI2000-v7.0-G-01-01709
8992,RGI2000-v7.0-G-01-01714
8993,RGI2000-v7.0-G-01-01719
8994,RGI2000-v7.0-G-01-01723
8995,RGI2000-v7.0-G-01-01725
8996,RGI2000-v7.0-G-01-01728
8997,RGI2000-v7.0-G-01-01729
8998,RGI2000-v7.0-G-01-01731
8999,RGI2000-v7.0-G-01-01733
9000,RGI2000-v7.0-G-01-01735
9001,RGI2000-v7.0-G-01-01738
9002,RGI2000-v7.0-G-01-01743
9003,RGI2000-v7.0-G-01-01744
9004,RGI2000-v7.0-G-01-01748
9005,RGI2000-v7.0-G-01-01751
9006,RGI2000-v7.0-G-01-01763
9007,RGI2000-v7.0-G-01-01765
9008,RGI2000-v7.0-G-01-01766
9009,RGI2000-v7.0-G-01-01768
9010,RGI2000-v7.0-G-01-01769
9011,RGI2000-v7.0-G-01-01776
9012,RGI2000-v7.0-G-01-01777
9013,RGI2000-v7.0-G-01-01779
9014,RGI2000-v7.0-G-01-01784
9015,RGI2000-v7.0-G-01-01785
9016,RGI2000-v7.0-G-01-01787
9017,RGI2000-v7.0-G-01-01791
9018,RGI2000-v7.0-G-01-01796
9019,RGI2000-v7.0-G-01-01797
9020,RGI2000-v7.0-G-01-01808
9021,RGI2000-v7.0-G-01-01811
9022,RGI2000-v7.0-G-01-01814
9023,RGI2000-v7.0-G-01-01815
9024,RGI2000-v7.0-G-01-01817
9025,RGI2000-v7.0-G-01-01829
9026,RGI2000-v7.0-G-01-01830
9027,RGI2000-v7.0-G-01-01831
9028,RGI2000-v7.0-G-01-01832
9029,RGI2000-v7.0-G-01-01841
9030,RGI2000-v7.0-G-01-01846
9031,RGI2000-v7.0-G-01-01848
9032,RGI2000-v7.0-G-01-01850
9033,RGI2000-v7.0-G-01-01851
9034,RGI2000-v7.0-G-01-01852
9035,RGI2000-v7.0-G-01-01853
9036,RGI2000-v7.0-G-01-01856
9037,RGI2000-v7.0-G-01-01859
9038,RGI2000-v7.0-G-01-01862
9039,RGI2000-v7.0-G-01-01864
9040,RGI2000-v7.0-G-01-01872
9041,RGI2000-v7.0-G-01-01882
9042,RGI2000-v7.0-G-01-01883
9043,RGI2000-v7.0-G-01-01886
9044,RGI2000-v7.0-G-01-01888
9045,RGI2000-v7.0-G-01-01890
9046,RGI2000-v7.0-G-01-01896
9047,RGI2000-v7.0-G-01-01897
9048,RGI2000-v7.0-G-01-01898
9049,RGI2000-v7.0-G-01-01902
9050,RGI2000-v7.0-G-01-01903
9051,RGI2000-v7.0-G-01-01907
9052,RGI2000-v7.0-G-01-01922
9053,RGI2000-v7.0-G-01-01925
9054,RGI2000-v7.0-G-01-01939
9055,RGI2000-v7.0-G-01-01940
9056,RGI2000-v7.0-G-01-01949
9057,RGI2000-v7.0-G-01-01957
9058,RGI2000-v7.0-G-01-01959
9059,RGI2000-v7.0-G-01-01963
9060,RGI2000-v7.0-G-01-01966
9061,RGI2000-v7.0-G-01-01973
9062,RGI2000-v7.0-G-01-01974
9063,RGI2000-v7.0-G-01-01976
9064,RGI2000-v7.0-G-01-01977
9065,RGI2000-v7.0-G-01-01983
9066,RGI2000-v7.0-G-01-01991
9067,RGI2000-v7.0-G-01-01992
9068,RGI2000-v7.0-G-01-02000
9069,RGI2000-v7.0-G-01-02011
9070,RGI2000-v7.0-G-01-02026
9071,RGI2000-v7.0-G-01-02029
9072,RGI2000-v7.0-G-01-02030
9073,RGI2000-v7.0-G-01-02033
9074,RGI2000-v7.0-G-01-02035
9075,RGI2000-v7.0-G-01-02036
9076,RGI2000-v7.0-G-01-02039
9077,RGI2000-v7.0-G-01-02041
9078,RGI2000-v7.0-G-01-02048
9079,RGI2000-v7.0-G-01-02054
9080,RGI2000-v7.0-G-01-02055
9081,RGI2000-v7.0-G-01-02058
9082,RGI2000-v7.0-G-01-02060
9083,RGI2000-v7.0-G-01-02064
9084,RGI2000-v7.0-G-01-02067
9085,RGI2000-v7.0-G-01-02075
9086,RGI2000-v7.0-G-01-02076
9087,RGI2000-v7.0-G-01-02085
9088,RGI2000-v7.0-G-01-02088
9089,RGI2000-v7.0-G-01-02095
9090,RGI2000-v7.0-G-01-02099
9091,RGI2000-v7.0-G-01-02105
9092,RGI2000-v7.0-G-01-02106
9093,RGI2000-v7.0-G-01-02138
9094,RGI2000-v7.0-G-01-02146
9095,RGI2000-v7.0-G-01-02149
9096,RGI2000-v7.0-G-01-02157
9097,RGI2000-v7.0-G-01-02159
9098,RGI2000-v7.0-G-01-02166
9099,RGI2000-v7.0-G-01-02167
9100,RGI2000-v7.0-G-01-02168
9101,RGI2000-v7.0-G-01-02178
9102,RGI2000-v7.0-G-01-02181
9103,RGI2000-v7.0-G-01-02193
9104,RGI2000-v7.0-G-01-02195
9105,RGI2000-v7.0-G-01-02206
9106,RGI2000-v7.0-G-01-02209
9107,RGI2000-v7.0-G-01-02210
9108,RGI2000-v7.0-G-01-02237
9109,RGI2000-v7.0-G-01-02238
9110,RGI2000-v7.0-G-01-02240
9111,RGI2000-v7.0-G-01-02246
9112,RGI2000-v7.0-G-01-02253
9113,RGI2000-v7.0-G-01-02260
9114,RGI2000-v7.0-G-01-02264
9115,RGI2000-v7.0-G-01-02298
9116,RGI2000-v7.0-G-01-02310
9117,RGI2000-v7.0-G-01-02311
9118,RGI2000-v7.0-G-01-02312
9119,RGI2000-v7.0-G-01-02313
9120,RGI2000-v7.0-G-01-02316
9121,RGI2000-v7.0-G-01-02319
9122,RGI2000-v7.0-G-01-02321
9123,RGI2000-v7.0-G-01-02325
9124,RGI2000-v7.0-G-01-02328
9125,RGI2000-v7.0-G-01-02337
9126,RGI2000-v7.0-G-01-02339
9127,RGI2000-v7.0-G-01-02343
9128,RGI2000-v7.0-G-01-02349
9129,RGI2000-v7.0-G-01-02351
9130,RGI2000-v7.0-G-01-02353
9131,RGI2000-v7.0-G-01-02356
9132,RGI2000-v7.0-G-01-02357
9133,RGI2000-v7.0-G-01-02364
9134,RGI2000-v7.0-G-01-02366
9135,RGI2000-v7.0-G-01-02371
9136,RGI2000-v7.0-G-01-02374
9137,RGI2000-v7.0-G-01-02384
9138,RGI2000-v7.0-G-01-02387
9139,RGI2000-v7.0-G-01-02390
9140,RGI2000-v7.0-G-01-02402
9141,RGI2000-v7.0-G-01-02411
9142,RGI2000-v7.0-G-01-02419
9143,RGI2000-v7.0-G-01-02432
9144,RGI2000-v7.0-G-01-02440
9145,RGI2000-v7.0-G-01-02442
9146,RGI2000-v7.0-G-01-02443
9147,RGI2000-v7.0-G-01-02455
9148,RGI2000-v7.0-G-01-02457
9149,RGI2000-v7.0-G-01-02458
9150,RGI2000-v7.0-G-01-02460
9151,RGI2000-v7.0-G-01-02464
9152,RGI2000-v7.0-G-01-02471
9153,RGI2000-v7.0-G-01-02479
9154,RGI2000-v7.0-G-01-02487
9155,RGI2000-v7.0-G-01-02491
9156,RGI2000-v7.0-G-01-02504
9157,RGI2000-v7.0-G-01-02506
9158,RGI2000-v7.0-G-01-02509
9159,RGI2000-v7.0-G-01-02517
9160,RGI2000-v7.0-G-01-02518
9161,RGI2000-v7.0-G-01-02522
9162,RGI2000-v7.0-G-01-02532
9163,RGI2000-v7.0-G-01-02533
9164,RGI2000-v7.0-G-01-02550
9165,RGI2000-v7.0-G-01-02551
9166,RGI2000-v7.0-G-01-02556
9167,RGI2000-v7.0-G-01-02563
9168,RGI2000-v7.0-G-01-02564
9169,RGI2000-v7.0-G-01-02576
9170,RGI2000-v7.0-G-01-02578
9171,RGI2000-v7.0-G-01-02580
9172,RGI2000-v7.0-G-01-02589
9173,RGI2000-v7.0-G-01-02593
9174,RGI2000-v7.0-G-01-02595
9175,RGI2000-v7.0-G-01-02596
9176,RGI2000-v7.0-G-01-02602
9177,RGI2000-v7.0-G-01-02603
9178,RGI2000-v7.0-G-01-02605
9179,RGI2000-v7.0-G-01-02607
9180,RGI2000-v7.0-G-01-02609
9181,RGI2000-v7.0-G-01-02610
9182,RGI2000-v7.0-G-01-02613
9183,RGI2000-v7.0-G-01-02617
9184,RGI2000-v7.0-G-01-02621
9185,RGI2000-v7.0-G-01-02631
9186,RGI2000-v7.0-G-01-02632
9187,RGI2000-v7.0-G-01-02635
9188,RGI2000-v7.0-G-01-02640
9189,RGI2000-v7.0-G-01-02656
9190,RGI2000-v7.0-G-01-02661
9191,RGI2000-v7.0-G-01-02663
9192,RGI2000-v7.0-G-01-02672
9193,RGI2000-v7.0-G-01-02679
9194,RGI2000-v7.0-G-01-02680
9195,RGI2000-v7.0-G-01-02683
9196,RGI2000-v7.0-G-01-02684
9197,RGI2000-v7.0-G-01-02686
9198,RGI2000-v7.0-G-01-02690
9199,RGI2000-v7.0-G-01-02698
9200,RGI2000-v7.0-G-01-02702
9201,RGI2000-v7.0-G-01-02704
9202,RGI2000-v7.0-G-01-02710
9203,RGI2000-v7.0-G-01-02713
9204,RGI2000-v7.0-G-01-02716
9205,RGI2000-v7.0-G-01-02718
9206,RGI2000-v7.0-G-01-02722
9207,RGI2000-v7.0-G-01-02724
9208,RGI2000-v7.0-G-01-02733
9209,RGI2000-v7.0-G-01-02737
9210,RGI2000-v7.0-G-01-02739
9211,RGI2000-v7.0-G-01-02740
9212,RGI2000-v7.0-G-01-02742
9213,RGI2000-v7.0-G-01-02746
9214,RGI2000-v7.0-G-01-02754
9215,RGI2000-v7.0-G-01-02758
9216,RGI2000-v7.0-G-01-02760
9217,RGI2000-v7.0-G-01-02761
9218,RGI2000-v7.0-G-01-02762
9219,RGI2000-v7.0-G-01-02764
9220,RGI2000-v7.0-G-01-02765
9221,RGI2000-v7.0-G-01-02770
9222,RGI2000-v7.0-G-01-02780
9223,RGI2000-v7.0-G-01-02787
9224,RGI2000-v7.0-G-01-02793
9225,RGI2000-v7.0-G-01-02796
9226,RGI2000-v7.0-G-01-02810
9227,RGI2000-v7.0-G-01-02815
9228,RGI2000-v7.0-G-01-02850
9229,RGI2000-v7.0-G-01-02853
9230,RGI2000-v7.0-G-01-02856
9231,RGI2000-v7.0-G-01-02857
9232,RGI2000-v7.0-G-01-02859
9233,RGI2000-v7.0-G-01-02866
9234,RGI2000-v7.0-G-01-02867
9235,RGI2000-v7.0-G-01-02877
9236,RGI2000-v7.0-G-01-02878
9237,RGI2000-v7.0-G-01-02881
9238,RGI2000-v7.0-G-01-02884
9239,RGI2000-v7.0-G-01-02885
9240,RGI2000-v7.0-G-01-02888
9241,RGI2000-v7.0-G-01-02893
9242,RGI2000-v7.0-G-01-02894
9243,RGI2000-v7.0-G-01-02896
9244,RGI2000-v7.0-G-01-02900
9245,RGI2000-v7.0-G-01-02901
9246,RGI2000-v7.0-G-01-02921
9247,RGI2000-v7.0-G-01-02922
9248,RGI2000-v7.0-G-01-02923
9249,RGI2000-v7.0-G-01-02924
9250,RGI2000-v7.0-G-01-02927
9251,RGI2000-v7.0-G-01-02931
9252,RGI2000-v7.0-G-01-02944
9253,RGI2000-v7.0-G-01-02946
9254,RGI2000-v7.0-G-01-02951
9255,RGI2000-v7.0-G-01-02959
9256,RGI2000-v7.0-G-01-02960
9257,RGI2000-v7.0-G-01-02964
9258,RGI2000-v7.0-G-01-02966
9259,RGI2000-v7.0-G-01-02971
9260,RGI2000-v7.0-G-01-02973
9261,RGI2000-v7.0-G-01-02986
9262,RGI2000-v7.0-G-01-02999
9263,RGI2000-v7.0-G-01-03001
9264,RGI2000-v7.0-G-01-03011
9265,RGI2000-v7.0-G-01-03018
9266,RGI2000-v7.0-G-01-03020
9267,RGI2000-v7.0-G-01-03042
9268,RGI2000-v7.0-G-01-03044
9269,RGI2000-v7.0-G-01-03055
9270,RGI2000-v7.0-G-01-03060
9271,RGI2000-v7.0-G-01-03065
9272,RGI2000-v7.0-G-01-03066
9273,RGI2000-v7.0-G-01-03068
9274,RGI2000-v7.0-G-01-03070
9275,RGI2000-v7.0-G-01-03072
9276,RGI2000-v7.0-G-01-03075
9277,RGI2000-v7.0-G-01-03077
9278,RGI2000-v7.0-G-01-03080
9279,RGI2000-v7.0-G-01-03083
9280,RGI2000-v7.0-G-01-03086
9281,RGI2000-v7.0-G-01-03088
9282,RGI2000-v7.0-G-01-03097
9283,RGI2000-v7.0-G-01-03098
9284,RGI2000-v7.0-G-01-03108
9285,RGI2000-v7.0-G-01-03130
9286,RGI2000-v7.0-G-01-03132
9287,RGI2000-v7.0-G-01-03146
9288,RGI2000-v7.0-G-01-03147
9289,RGI2000-v7.0-G-01-03155
9290,RGI2000-v7.0-G-01-03156
9291,RGI2000-v7.0-G-01-03157
9292,RGI2000-v7.0-G-01-03160
9293,RGI2000-v7.0-G-01-03163
9294,RGI2000-v7.0-G-01-03166
9295,RGI2000-v7.0-G-01-03173
9296,RGI2000-v7.0-G-01-03175
9297,RGI2000-v7.0-G-01-03176
9298,RGI2000-v7.0-G-01-03182
9299,RGI2000-v7.0-G-01-03199
9300,RGI2000-v7.0-G-01-03201
9301,RGI2000-v7.0-G-01-03203
9302,RGI2000-v7.0-G-01-03218
9303,RGI2000-v7.0-G-01-03219
9304,RGI2000-v7.0-G-01-03220
9305,RGI2000-v7.0-G-01-03221
9306,RGI2000-v7.0-G-01-03228
9307,RGI2000-v7.0-G-01-03243
9308,RGI2000-v7.0-G-01-03244
9309,RGI2000-v7.0-G-01-03249
9310,RGI2000-v7.0-G-01-03255
9311,RGI2000-v7.0-G-01-03262
9312,RGI2000-v7.0-G-01-03271
9313,RGI2000-v7.0-G-01-03277
9314,RGI2000-v7.0-G-01-03278
9315,RGI2000-v7.0-G-01-03279
9316,RGI2000-v7.0-G-01-03280
9317,RGI2000-v7.0-G-01-03283
9318,RGI2000-v7.0-G-01-03313
9319,RGI2000-v7.0-G-01-03316
9320,RGI2000-v7.0-G-01-03317
9321,RGI2000-v7.0-G-01-03329
9322,RGI2000-v7.0-G-01-03342
9323,RGI2000-v7.0-G-01-03343
9324,RGI2000-v7.0-G-01-03346
9325,RGI2000-v7.0-G-01-03354
9326,RGI2000-v7.0-G-01-03356
9327,RGI2000-v7.0-G-01-03358
9328,RGI2000-v7.0-G-01-03359
9329,RGI2000-v7.0-G-01-03360
9330,RGI2000-v7.0-G-01-03362
9331,RGI2000-v7.0-G-01-03369
9332,RGI2000-v7.0-G-01-03374
9333,RGI2000-v7.0-G-01-03377
9334,RGI2000-v7.0-G-01-03381
9335,RGI2000-v7.0-G-01-03382
9336,RGI2000-v7.0-G-01-03385
9337,RGI2000-v7.0-G-01-03390
9338,RGI2000-v7.0-G-01-03393
9339,RGI2000-v7.0-G-01-03401
9340,RGI2000-v7.0-G-01-03408
9341,RGI2000-v7.0-G-01-03418
9342,RGI2000-v7.0-G-01-03421
9343,RGI2000-v7.0-G-01-03433
9344,RGI2000-v7.0-G-01-03434
9345,RGI2000-v7.0-G-01-03435
9346,RGI2000-v7.0-G-01-03437
9347,RGI2000-v7.0-G-01-03439
9348,RGI2000-v7.0-G-01-03444
9349,RGI2000-v7.0-G-01-03447
9350,RGI2000-v7.0-G-01-03448
9351,RGI2000-v7.0-G-01-03451
9352,RGI2000-v7.0-G-01-03454
9353,RGI2000-v7.0-G-01-03475
9354,RGI2000-v7.0-G-01-03501
9355,RGI2000-v7.0-G-01-03504
9356,RGI2000-v7.0-G-01-03505
9357,RGI2000-v7.0-G-01-03510
9358,RGI2000-v7.0-G-01-03512
9359,RGI2000-v7.0-G-01-03523
9360,RGI2000-v7.0-G-01-03526
9361,RGI2000-v7.0-G-01-03527
9362,RGI2000-v7.0-G-01-03528
9363,RGI2000-v7.0-G-01-03530
9364,RGI2000-v7.0-G-01-03532
9365,RGI2000-v7.0-G-01-03534
9366,RGI2000-v7.0-G-01-03537
9367,RGI2000-v7.0-G-01-03539
9368,RGI2000-v7.0-G-01-03541
9369,RGI2000-v7.0-G-01-03548
9370,RGI2000-v7.0-G-01-03566
9371,RGI2000-v7.0-G-01-03581
9372,RGI2000-v7.0-G-01-03582
9373,RGI2000-v7.0-G-01-03587
9374,RGI2000-v7.0-G-01-03588
9375,RGI2000-v7.0-G-01-03598
9376,RGI2000-v7.0-G-01-03602
9377,RGI2000-v7.0-G-01-03606
9378,RGI2000-v7.0-G-01-03611
9379,RGI2000-v7.0-G-01-03615
9380,RGI2000-v7.0-G-01-03617
9381,RGI2000-v7.0-G-01-03618
9382,RGI2000-v7.0-G-01-03622
9383,RGI2000-v7.0-G-01-03629
9384,RGI2000-v7.0-G-01-03650
9385,RGI2000-v7.0-G-01-03657
9386,RGI2000-v7.0-G-01-03659
9387,RGI2000-v7.0-G-01-03669
9388,RGI2000-v7.0-G-01-03676
9389,RGI2000-v7.0-G-01-03687
9390,RGI2000-v7.0-G-01-03690
9391,RGI2000-v7.0-G-01-03697
9392,RGI2000-v7.0-G-01-03700
9393,RGI2000-v7.0-G-01-03702
9394,RGI2000-v7.0-G-01-03703
9395,RGI2000-v7.0-G-01-03705
9396,RGI2000-v7.0-G-01-03716
9397,RGI2000-v7.0-G-01-03719
9398,RGI2000-v7.0-G-01-03723
9399,RGI2000-v7.0-G-01-03727
9400,RGI2000-v7.0-G-01-03728
9401,RGI2000-v7.0-G-01-03730
9402,RGI2000-v7.0-G-01-03731
9403,RGI2000-v7.0-G-01-03732
9404,RGI2000-v7.0-G-01-03736
9405,RGI2000-v7.0-G-01-03738
9406,RGI2000-v7.0-G-01-03746
9407,RGI2000-v7.0-G-01-03747
9408,RGI2000-v7.0-G-01-03748
9409,RGI2000-v7.0-G-01-03750
9410,RGI2000-v7.0-G-01-03766
9411,RGI2000-v7.0-G-01-03770
9412,RGI2000-v7.0-G-01-03773
9413,RGI2000-v7.0-G-01-03790
9414,RGI2000-v7.0-G-01-03799
9415,RGI2000-v7.0-G-01-03803
9416,RGI2000-v7.0-G-01-03813
9417,RGI2000-v7.0-G-01-03820
9418,RGI2000-v7.0-G-01-03821
9419,RGI2000-v7.0-G-01-03836
9420,RGI2000-v7.0-G-01-03837
9421,RGI2000-v7.0-G-01-03839
9422,RGI2000-v7.0-G-01-03840
9423,RGI2000-v7.0-G-01-03841
9424,RGI2000-v7.0-G-01-03847
9425,RGI2000-v7.0-G-01-03848
9426,RGI2000-v7.0-G-01-03851
9427,RGI2000-v7.0-G-01-03855
9428,RGI2000-v7.0-G-01-03872
9429,RGI2000-v7.0-G-01-03873
9430,RGI2000-v7.0-G-01-03875
9431,RGI2000-v7.0-G-01-03879
9432,RGI2000-v7.0-G-01-03885
9433,RGI2000-v7.0-G-01-03894
9434,RGI2000-v7.0-G-01-03898
9435,RGI2000-v7.0-G-01-03908
9436,RGI2000-v7.0-G-01-03912
9437,RGI2000-v7.0-G-01-03915
9438,RGI2000-v7.0-G-01-03917
9439,RGI2000-v7.0-G-01-03918
9440,RGI2000-v7.0-G-01-03923
9441,RGI2000-v7.0-G-01-03926
9442,RGI2000-v7.0-G-01-03927
9443,RGI2000-v7.0-G-01-03928
9444,RGI2000-v7.0-G-01-03931
9445,RGI2000-v7.0-G-01-03935
9446,RGI2000-v7.0-G-01-03953
9447,RGI2000-v7.0-G-01-03954
9448,RGI2000-v7.0-G-01-03960
9449,RGI2000-v7.0-G-01-03963
9450,RGI2000-v7.0-G-01-03966
9451,RGI2000-v7.0-G-01-03967
9452,RGI2000-v7.0-G-01-03968
9453,RGI2000-v7.0-G-01-03969
9454,RGI2000-v7.0-G-01-03974
9455,RGI2000-v7.0-G-01-03975
9456,RGI2000-v7.0-G-01-03982
9457,RGI2000-v7.0-G-01-03986
9458,RGI2000-v7.0-G-01-03991
9459,RGI2000-v7.0-G-01-03993
9460,RGI2000-v7.0-G-01-04006
9461,RGI2000-v7.0-G-01-04012
9462,RGI2000-v7.0-G-01-04013
9463,RGI2000-v7.0-G-01-04015
9464,RGI2000-v7.0-G-01-04020
9465,RGI2000-v7.0-G-01-04022
9466,RGI2000-v7.0-G-01-04027
9467,RGI2000-v7.0-G-01-04039
9468,RGI2000-v7.0-G-01-04047
9469,RGI2000-v7.0-G-01-04054
9470,RGI2000-v7.0-G-01-04075
9471,RGI2000-v7.0-G-01-04082
9472,RGI2000-v7.0-G-01-04085
9473,RGI2000-v7.0-G-01-04086
9474,RGI2000-v7.0-G-01-04087
9475,RGI2000-v7.0-G-01-04089
9476,RGI2000-v7.0-G-01-04107
9477,RGI2000-v7.0-G-01-04113
9478,RGI2000-v7.0-G-01-04126
9479,RGI2000-v7.0-G-01-04170
9480,RGI2000-v7.0-G-01-04177
9481,RGI2000-v7.0-G-01-04181
9482,RGI2000-v7.0-G-01-04189
9483,RGI2000-v7.0-G-01-04191
9484,RGI2000-v7.0-G-01-04213
9485,RGI2000-v7.0-G-01-04216
9486,RGI2000-v7.0-G-01-04224
9487,RGI2000-v7.0-G-01-04225
9488,RGI2000-v7.0-G-01-04233
9489,RGI2000-v7.0-G-01-04234
9490,RGI2000-v7.0-G-01-04236
9491,RGI2000-v7.0-G-01-04238
9492,RGI2000-v7.0-G-01-04239
9493,RGI2000-v7.0-G-01-04241
9494,RGI2000-v7.0-G-01-04242
9495,RGI2000-v7.0-G-01-04243
9496,RGI2000-v7.0-G-01-04246
9497,RGI2000-v7.0-G-01-04247
9498,RGI2000-v7.0-G-01-04257
9499,RGI2000-v7.0-G-01-04261
9500,RGI2000-v7.0-G-01-04262
9501,RGI2000-v7.0-G-01-04263
9502,RGI2000-v7.0-G-01-04265
9503,RGI2000-v7.0-G-01-04267
9504,RGI2000-v7.0-G-01-04268
9505,RGI2000-v7.0-G-01-04278
9506,RGI2000-v7.0-G-01-04282
9507,RGI2000-v7.0-G-01-04284
9508,RGI2000-v7.0-G-01-04285
9509,RGI2000-v7.0-G-01-04287
9510,RGI2000-v7.0-G-01-04289
9511,RGI2000-v7.0-G-01-04293
9512,RGI2000-v7.0-G-01-04294
9513,RGI2000-v7.0-G-01-04303
9514,RGI2000-v7.0-G-01-04310
9515,RGI2000-v7.0-G-01-04313
9516,RGI2000-v7.0-G-01-04319
9517,RGI2000-v7.0-G-01-04328
9518,RGI2000-v7.0-G-01-04329
9519,RGI2000-v7.0-G-01-04338
9520,RGI2000-v7.0-G-01-04339
9521,RGI2000-v7.0-G-01-04341
9522,RGI2000-v7.0-G-01-04343
9523,RGI2000-v7.0-G-01-04349
9524,RGI2000-v7.0-G-01-04360
9525,RGI2000-v7.0-G-01-04384
9526,RGI2000-v7.0-G-01-04394
9527,RGI2000-v7.0-G-01-04401
9528,RGI2000-v7.0-G-01-04425
9529,RGI2000-v7.0-G-01-04432
9530,RGI2000-v7.0-G-01-04433
9531,RGI2000-v7.0-G-01-04444
9532,RGI2000-v7.0-G-01-04445
9533,RGI2000-v7.0-G-01-04447
9534,RGI2000-v7.0-G-01-04458
9535,RGI2000-v7.0-G-01-04461
9536,RGI2000-v7.0-G-01-04466
9537,RGI2000-v7.0-G-01-04467
9538,RGI2000-v7.0-G-01-04477
9539,RGI2000-v7.0-G-01-04479
9540,RGI2000-v7.0-G-01-04480
9541,RGI2000-v7.0-G-01-04481
9542,RGI2000-v7.0-G-01-04484
9543,RGI2000-v7.0-G-01-04486
9544,RGI2000-v7.0-G-01-04492
9545,RGI2000-v7.0-G-01-04497
9546,RGI2000-v7.0-G-01-04501
9547,RGI2000-v7.0-G-01-04506
9548,RGI2000-v7.0-G-01-04520
9549,RGI2000-v7.0-G-01-04539
9550,RGI2000-v7.0-G-01-04551
9551,RGI2000-v7.0-G-01-04552
9552,RGI2000-v7.0-G-01-04554
9553,RGI2000-v7.0-G-01-04559
9554,RGI2000-v7.0-G-01-04560
9555,RGI2000-v7.0-G-01-04562
9556,RGI2000-v7.0-G-01-04565
9557,RGI2000-v7.0-G-01-04583
9558,RGI2000-v7.0-G-01-04584
9559,RGI2000-v7.0-G-01-04585
9560,RGI2000-v7.0-G-01-04613
9561,RGI2000-v7.0-G-01-04617
9562,RGI2000-v7.0-G-01-04618
9563,RGI2000-v7.0-G-01-04623
9564,RGI2000-v7.0-G-01-04627
9565,RGI2000-v7.0-G-01-04628
9566,RGI2000-v7.0-G-01-04631
9567,RGI2000-v7.0-G-01-04634
9568,RGI2000-v7.0-G-01-04635
9569,RGI2000-v7.0-G-01-04636
9570,RGI2000-v7.0-G-01-04638
9571,RGI2000-v7.0-G-01-04643
9572,RGI2000-v7.0-G-01-04651
9573,RGI2000-v7.0-G-01-04652
9574,RGI2000-v7.0-G-01-04654
9575,RGI2000-v7.0-G-01-04656
9576,RGI2000-v7.0-G-01-04660
9577,RGI2000-v7.0-G-01-04665
9578,RGI2000-v7.0-G-01-04671
9579,RGI2000-v7.0-G-01-04672
9580,RGI2000-v7.0-G-01-04673
9581,RGI2000-v7.0-G-01-04674
9582,RGI2000-v7.0-G-01-04675
9583,RGI2000-v7.0-G-01-04685
9584,RGI2000-v7.0-G-01-04686
9585,RGI2000-v7.0-G-01-04691
9586,RGI2000-v7.0-G-01-04693
9587,RGI2000-v7.0-G-01-04697
9588,RGI2000-v7.0-G-01-04706
9589,RGI2000-v7.0-G-01-04708
9590,RGI2000-v7.0-G-01-04712
9591,RGI2000-v7.0-G-01-04713
9592,RGI2000-v7.0-G-01-04720
9593,RGI2000-v7.0-G-01-04728
9594,RGI2000-v7.0-G-01-04732
9595,RGI2000-v7.0-G-01-04740
9596,RGI2000-v7.0-G-01-04741
9597,RGI2000-v7.0-G-01-04743
9598,RGI2000-v7.0-G-01-04745
9599,RGI2000-v7.0-G-01-04752
9600,RGI2000-v7.0-G-01-04758
9601,RGI2000-v7.0-G-01-04762
9602,RGI2000-v7.0-G-01-04764
9603,RGI2000-v7.0-G-01-04766
9604,RGI2000-v7.0-G-01-04778
9605,RGI2000-v7.0-G-01-04779
9606,RGI2000-v7.0-G-01-04785
9607,RGI2000-v7.0-G-01-04791
9608,RGI2000-v7.0-G-01-04792
9609,RGI2000-v7.0-G-01-04797
9610,RGI2000-v7.0-G-01-04803
9611,RGI2000-v7.0-G-01-04804
9612,RGI2000-v7.0-G-01-04805
9613,RGI2000-v7.0-G-01-04811
9614,RGI2000-v7.0-G-01-04812
9615,RGI2000-v7.0-G-01-04813
9616,RGI2000-v7.0-G-01-04814
9617,RGI2000-v7.0-G-01-04816
9618,RGI2000-v7.0-G-01-04818
9619,RGI2000-v7.0-G-01-04819
9620,RGI2000-v7.0-G-01-04821
9621,RGI2000-v7.0-G-01-04824
9622,RGI2000-v7.0-G-01-04825
9623,RGI2000-v7.0-G-01-04834
9624,RGI2000-v7.0-G-01-04843
9625,RGI2000-v7.0-G-01-04845
9626,RGI2000-v7.0-G-01-04847
9627,RGI2000-v7.0-G-01-04848
9628,RGI2000-v7.0-G-01-04863
9629,RGI2000-v7.0-G-01-04866
9630,RGI2000-v7.0-G-01-04871
9631,RGI2000-v7.0-G-01-04889
9632,RGI2000-v7.0-G-01-04897
9633,RGI2000-v7.0-G-01-04920
9634,RGI2000-v7.0-G-01-04927
9635,RGI2000-v7.0-G-01-04942
9636,RGI2000-v7.0-G-01-04948
9637,RGI2000-v7.0-G-01-04974
9638,RGI2000-v7.0-G-01-04978
9639,RGI2000-v7.0-G-01-04979
9640,RGI2000-v7.0-G-01-04990
9641,RGI2000-v7.0-G-01-04991
9642,RGI2000-v7.0-G-01-05000
9643,RGI2000-v7.0-G-01-05003
9644,RGI2000-v7.0-G-01-05012
9645,RGI2000-v7.0-G-01-05020
9646,RGI2000-v7.0-G-01-05021
9647,RGI2000-v7.0-G-01-05028
9648,RGI2000-v7.0-G-01-05032
9649,RGI2000-v7.0-G-01-05034
9650,RGI2000-v7.0-G-01-05035
9651,RGI2000-v7.0-G-01-05036
9652,RGI2000-v7.0-G-01-05037
9653,RGI2000-v7.0-G-01-05048
9654,RGI2000-v7.0-G-01-05050
9655,RGI2000-v7.0-G-01-05054
9656,RGI2000-v7.0-G-01-05055
9657,RGI2000-v7.0-G-01-05064
9658,RGI2000-v7.0-G-01-05069
9659,RGI2000-v7.0-G-01-05070
9660,RGI2000-v7.0-G-01-05073
9661,RGI2000-v7.0-G-01-05077
9662,RGI2000-v7.0-G-01-05079
9663,RGI2000-v7.0-G-01-05080
9664,RGI2000-v7.0-G-01-05086
9665,RGI2000-v7.0-G-01-05092
9666,RGI2000-v7.0-G-01-05093
9667,RGI2000-v7.0-G-01-05102
9668,RGI2000-v7.0-G-01-05104
9669,RGI2000-v7.0-G-01-05105
9670,RGI2000-v7.0-G-01-05110
9671,RGI2000-v7.0-G-01-05111
9672,RGI2000-v7.0-G-01-05112
9673,RGI2000-v7.0-G-01-05115
9674,RGI2000-v7.0-G-01-05127
9675,RGI2000-v7.0-G-01-05130
9676,RGI2000-v7.0-G-01-05131
9677,RGI2000-v7.0-G-01-05132
9678,RGI2000-v7.0-G-01-05133
9679,RGI2000-v7.0-G-01-05134
9680,RGI2000-v7.0-G-01-05140
9681,RGI2000-v7.0-G-01-05145
9682,RGI2000-v7.0-G-01-05146
9683,RGI2000-v7.0-G-01-05150
9684,RGI2000-v7.0-G-01-05152
9685,RGI2000-v7.0-G-01-05159
9686,RGI2000-v7.0-G-01-05160
9687,RGI2000-v7.0-G-01-05164
9688,RGI2000-v7.0-G-01-05165
9689,RGI2000-v7.0-G-01-05167
9690,RGI2000-v7.0-G-01-05182
9691,RGI2000-v7.0-G-01-05194
9692,RGI2000-v7.0-G-01-05196
9693,RGI2000-v7.0-G-01-05197
9694,RGI2000-v7.0-G-01-05198
9695,RGI2000-v7.0-G-01-05199
9696,RGI2000-v7.0-G-01-05202
9697,RGI2000-v7.0-G-01-05214
9698,RGI2000-v7.0-G-01-05226
9699,RGI2000-v7.0-G-01-05239
9700,RGI2000-v7.0-G-01-05240
9701,RGI2000-v7.0-G-01-05249
9702,RGI2000-v7.0-G-01-05258
9703,RGI2000-v7.0-G-01-05260
9704,RGI2000-v7.0-G-01-05261
9705,RGI2000-v7.0-G-01-05263
9706,RGI2000-v7.0-G-01-05289
9707,RGI2000-v7.0-G-01-05297
9708,RGI2000-v7.0-G-01-05299
9709,RGI2000-v7.0-G-01-05303
9710,RGI2000-v7.0-G-01-05313
9711,RGI2000-v7.0-G-01-05314
9712,RGI2000-v7.0-G-01-05317
9713,RGI2000-v7.0-G-01-05318
9714,RGI2000-v7.0-G-01-05319
9715,RGI2000-v7.0-G-01-05320
9716,RGI2000-v7.0-G-01-05322
9717,RGI2000-v7.0-G-01-05325
9718,RGI2000-v7.0-G-01-05328
9719,RGI2000-v7.0-G-01-05334
9720,RGI2000-v7.0-G-01-05338
9721,RGI2000-v7.0-G-01-05339
9722,RGI2000-v7.0-G-01-05341
9723,RGI2000-v7.0-G-01-05342
9724,RGI2000-v7.0-G-01-05345
9725,RGI2000-v7.0-G-01-05348
9726,RGI2000-v7.0-G-01-05350
9727,RGI2000-v7.0-G-01-05352
9728,RGI2000-v7.0-G-01-05355
9729,RGI2000-v7.0-G-01-05358
9730,RGI2000-v7.0-G-01-05360
9731,RGI2000-v7.0-G-01-05362
9732,RGI2000-v7.0-G-01-05365
9733,RGI2000-v7.0-G-01-05367
9734,RGI2000-v7.0-G-01-05381
9735,RGI2000-v7.0-G-01-05393
9736,RGI2000-v7.0-G-01-05395
9737,RGI2000-v7.0-G-01-05399
9738,RGI2000-v7.0-G-01-05415
9739,RGI2000-v7.0-G-01-05421
9740,RGI2000-v7.0-G-01-05424
9741,RGI2000-v7.0-G-01-05438
9742,RGI2000-v7.0-G-01-05447
9743,RGI2000-v7.0-G-01-05457
9744,RGI2000-v7.0-G-01-05482
9745,RGI2000-v7.0-G-01-05488
9746,RGI2000-v7.0-G-01-05500
9747,RGI2000-v7.0-G-01-05505
9748,RGI2000-v7.0-G-01-05509
9749,RGI2000-v7.0-G-01-05514
9750,RGI2000-v7.0-G-01-05517
9751,RGI2000-v7.0-G-01-05522
9752,RGI2000-v7.0-G-01-05525
9753,RGI2000-v7.0-G-01-05529
9754,RGI2000-v7.0-G-01-05533
9755,RGI2000-v7.0-G-01-05534
9756,RGI2000-v7.0-G-01-05535
9757,RGI2000-v7.0-G-01-05536
9758,RGI2000-v7.0-G-01-05539
9759,RGI2000-v7.0-G-01-05549
9760,RGI2000-v7.0-G-01-05550
9761,RGI2000-v7.0-G-01-05556
9762,RGI2000-v7.0-G-01-05557
9763,RGI2000-v7.0-G-01-05558
9764,RGI2000-v7.0-G-01-05559
9765,RGI2000-v7.0-G-01-05565
9766,RGI2000-v7.0-G-01-05570
9767,RGI2000-v7.0-G-01-05572
9768,RGI2000-v7.0-G-01-05573
9769,RGI2000-v7.0-G-01-05574
9770,RGI2000-v7.0-G-01-05576
9771,RGI2000-v7.0-G-01-05578
9772,RGI2000-v7.0-G-01-05581
9773,RGI2000-v7.0-G-01-05582
9774,RGI2000-v7.0-G-01-05583
9775,RGI2000-v7.0-G-01-05584
9776,RGI2000-v7.0-G-01-05586
9777,RGI2000-v7.0-G-01-05589
9778,RGI2000-v7.0-G-01-05593
9779,RGI2000-v7.0-G-01-05594
9780,RGI2000-v7.0-G-01-05599
9781,RGI2000-v7.0-G-01-05603
9782,RGI2000-v7.0-G-01-05618
9783,RGI2000-v7.0-G-01-05632
9784,RGI2000-v7.0-G-01-05641
9785,RGI2000-v7.0-G-01-05644
9786,RGI2000-v7.0-G-01-05647
9787,RGI2000-v7.0-G-01-05663
9788,RGI2000-v7.0-G-01-05669
9789,RGI2000-v7.0-G-01-05673
9790,RGI2000-v7.0-G-01-05675
9791,RGI2000-v7.0-G-01-05676
9792,RGI2000-v7.0-G-01-05677
9793,RGI2000-v7.0-G-01-05679
9794,RGI2000-v7.0-G-01-05685
9795,RGI2000-v7.0-G-01-05687
9796,RGI2000-v7.0-G-01-05691
9797,RGI2000-v7.0-G-01-05694
9798,RGI2000-v7.0-G-01-05696
9799,RGI2000-v7.0-G-01-05702
9800,RGI2000-v7.0-G-01-05703
9801,RGI2000-v7.0-G-01-05712
9802,RGI2000-v7.0-G-01-05714
9803,RGI2000-v7.0-G-01-05721
9804,RGI2000-v7.0-G-01-05723
9805,RGI2000-v7.0-G-01-05724
9806,RGI2000-v7.0-G-01-05725
9807,RGI2000-v7.0-G-01-05740
9808,RGI2000-v7.0-G-01-05742
9809,RGI2000-v7.0-G-01-05743
9810,RGI2000-v7.0-G-01-05749
9811,RGI2000-v7.0-G-01-05759
9812,RGI2000-v7.0-G-01-05761
9813,RGI2000-v7.0-G-01-05763
9814,RGI2000-v7.0-G-01-05765
9815,RGI2000-v7.0-G-01-05773
9816,RGI2000-v7.0-G-01-05777
9817,RGI2000-v7.0-G-01-05780
9818,RGI2000-v7.0-G-01-05781
9819,RGI2000-v7.0-G-01-05785
9820,RGI2000-v7.0-G-01-05791
9821,RGI2000-v7.0-G-01-05793
9822,RGI2000-v7.0-G-01-05804
9823,RGI2000-v7.0-G-01-05805
9824,RGI2000-v7.0-G-01-05807
9825,RGI2000-v7.0-G-01-05808
9826,RGI2000-v7.0-G-01-05811
9827,RGI2000-v7.0-G-01-05813
9828,RGI2000-v7.0-G-01-05814
9829,RGI2000-v7.0-G-01-05820
9830,RGI2000-v7.0-G-01-05821
9831,RGI2000-v7.0-G-01-05822
9832,RGI2000-v7.0-G-01-05823
9833,RGI2000-v7.0-G-01-05824
9834,RGI2000-v7.0-G-01-05825
9835,RGI2000-v7.0-G-01-05827
9836,RGI2000-v7.0-G-01-05833
9837,RGI2000-v7.0-G-01-05835
9838,RGI2000-v7.0-G-01-05836
9839,RGI2000-v7.0-G-01-05837
9840,RGI2000-v7.0-G-01-05839
9841,RGI2000-v7.0-G-01-05840
9842,RGI2000-v7.0-G-01-05843
9843,RGI2000-v7.0-G-01-05844
9844,RGI2000-v7.0-G-01-05845
9845,RGI2000-v7.0-G-01-05846
9846,RGI2000-v7.0-G-01-05847
9847,RGI2000-v7.0-G-01-05848
9848,RGI2000-v7.0-G-01-05849
9849,RGI2000-v7.0-G-01-05850
9850,RGI2000-v7.0-G-01-05851
9851,RGI2000-v7.0-G-01-05855
9852,RGI2000-v7.0-G-01-05859
9853,RGI2000-v7.0-G-01-05862
9854,RGI2000-v7.0-G-01-05865
9855,RGI2000-v7.0-G-01-05873
9856,RGI2000-v7.0-G-01-05874
9857,RGI2000-v7.0-G-01-05875
9858,RGI2000-v7.0-G-01-05877
9859,RGI2000-v7.0-G-01-05878
9860,RGI2000-v7.0-G-01-05880
9861,RGI2000-v7.0-G-01-05881
9862,RGI2000-v7.0-G-01-05882
9863,RGI2000-v7.0-G-01-05883
9864,RGI2000-v7.0-G-01-05890
9865,RGI2000-v7.0-G-01-05892
9866,RGI2000-v7.0-G-01-05896
9867,RGI2000-v7.0-G-01-05897
9868,RGI2000-v7.0-G-01-05898
9869,RGI2000-v7.0-G-01-05903
9870,RGI2000-v7.0-G-01-05904
9871,RGI2000-v7.0-G-01-05905
9872,RGI2000-v7.0-G-01-05906
9873,RGI2000-v7.0-G-01-05911
9874,RGI2000-v7.0-G-01-05914
9875,RGI2000-v7.0-G-01-05943
9876,RGI2000-v7.0-G-01-05944
9877,RGI2000-v7.0-G-01-05950
9878,RGI2000-v7.0-G-01-05951
9879,RGI2000-v7.0-G-01-05952
9880,RGI2000-v7.0-G-01-05953
9881,RGI2000-v7.0-G-01-05955
9882,RGI2000-v7.0-G-01-05959
9883,RGI2000-v7.0-G-01-05961
9884,RGI2000-v7.0-G-01-05962
9885,RGI2000-v7.0-G-01-05964
9886,RGI2000-v7.0-G-01-05965
9887,RGI2000-v7.0-G-01-05966
9888,RGI2000-v7.0-G-01-05970
9889,RGI2000-v7.0-G-01-05972
9890,RGI2000-v7.0-G-01-05974
9891,RGI2000-v7.0-G-01-05979
9892,RGI2000-v7.0-G-01-05981
9893,RGI2000-v7.0-G-01-05986
9894,RGI2000-v7.0-G-01-05999
9895,RGI2000-v7.0-G-01-06000
9896,RGI2000-v7.0-G-01-06001
9897,RGI2000-v7.0-G-01-06003
9898,RGI2000-v7.0-G-01-06004
9899,RGI2000-v7.0-G-01-06008
9900,RGI2000-v7.0-G-01-06009
9901,RGI2000-v7.0-G-01-06010
9902,RGI2000-v7.0-G-01-06014
9903,RGI2000-v7.0-G-01-06015
9904,RGI2000-v7.0-G-01-06016
9905,RGI2000-v7.0-G-01-06020
9906,RGI2000-v7.0-G-01-06023
9907,RGI2000-v7.0-G-01-06025
9908,RGI2000-v7.0-G-01-06026
9909,RGI2000-v7.0-G-01-06029
9910,RGI2000-v7.0-G-01-06030
9911,RGI2000-v7.0-G-01-06031
9912,RGI2000-v7.0-G-01-06035
9913,RGI2000-v7.0-G-01-06039
9914,RGI2000-v7.0-G-01-06043
9915,RGI2000-v7.0-G-01-06044
9916,RGI2000-v7.0-G-01-06046
9917,RGI2000-v7.0-G-01-06047
9918,RGI2000-v7.0-G-01-06051
9919,RGI2000-v7.0-G-01-06052
9920,RGI2000-v7.0-G-01-06053
9921,RGI2000-v7.0-G-01-06054
9922,RGI2000-v7.0-G-01-06058
9923,RGI2000-v7.0-G-01-06059
9924,RGI2000-v7.0-G-01-06060
9925,RGI2000-v7.0-G-01-06062
9926,RGI2000-v7.0-G-01-06063
9927,RGI2000-v7.0-G-01-06064
9928,RGI2000-v7.0-G-01-06069
9929,RGI2000-v7.0-G-01-06086
9930,RGI2000-v7.0-G-01-06087
9931,RGI2000-v7.0-G-01-06098
9932,RGI2000-v7.0-G-01-06099
9933,RGI2000-v7.0-G-01-06103
9934,RGI2000-v7.0-G-01-06104
9935,RGI2000-v7.0-G-01-06107
9936,RGI2000-v7.0-G-01-06109
9937,RGI2000-v7.0-G-01-06112
9938,RGI2000-v7.0-G-01-06114
9939,RGI2000-v7.0-G-01-06117
9940,RGI2000-v7.0-G-01-06120
9941,RGI2000-v7.0-G-01-06121
9942,RGI2000-v7.0-G-01-06122
9943,RGI2000-v7.0-G-01-06125
9944,RGI2000-v7.0-G-01-06126
9945,RGI2000-v7.0-G-01-06128
9946,RGI2000-v7.0-G-01-06129
9947,RGI2000-v7.0-G-01-06135
9948,RGI2000-v7.0-G-01-06137
9949,RGI2000-v7.0-G-01-06139
9950,RGI2000-v7.0-G-01-06148
9951,RGI2000-v7.0-G-01-06160
9952,RGI2000-v7.0-G-01-06165
9953,RGI2000-v7.0-G-01-06168
9954,RGI2000-v7.0-G-01-06183
9955,RGI2000-v7.0-G-01-06204
9956,RGI2000-v7.0-G-01-06205
9957,RGI2000-v7.0-G-01-06206
9958,RGI2000-v7.0-G-01-06217
9959,RGI2000-v7.0-G-01-06218
9960,RGI2000-v7.0-G-01-06228
9961,RGI2000-v7.0-G-01-06246
9962,RGI2000-v7.0-G-01-06251
9963,RGI2000-v7.0-G-01-06255
9964,RGI2000-v7.0-G-01-06257
9965,RGI2000-v7.0-G-01-06258
9966,RGI2000-v7.0-G-01-06259
9967,RGI2000-v7.0-G-01-06261
9968,RGI2000-v7.0-G-01-06298
9969,RGI2000-v7.0-G-01-06301
9970,RGI2000-v7.0-G-01-06302
9971,RGI2000-v7.0-G-01-06305
9972,RGI2000-v7.0-G-01-06333
9973,RGI2000-v7.0-G-01-06338
9974,RGI2000-v7.0-G-01-06340
9975,RGI2000-v7.0-G-01-06344
9976,RGI2000-v7.0-G-01-06346
9977,RGI2000-v7.0-G-01-06347
9978,RGI2000-v7.0-G-01-06348
9979,RGI2000-v7.0-G-01-06349
9980,RGI2000-v7.0-G-01-06351
9981,RGI2000-v7.0-G-01-06352
9982,RGI2000-v7.0-G-01-06353
9983,RGI2000-v7.0-G-01-06360
9984,RGI2000-v7.0-G-01-06361
9985,RGI2000-v7.0-G-01-06369
9986,RGI2000-v7.0-G-01-06371
9987,RGI2000-v7.0-G-01-06378
9988,RGI2000-v7.0-G-01-06379
9989,RGI2000-v7.0-G-01-06381
9990,RGI2000-v7.0-G-01-06382
9991,RGI2000-v7.0-G-01-06383
9992,RGI2000-v7.0-G-01-06386
9993,RGI2000-v7.0-G-01-06393
9994,RGI2000-v7.0-G-01-06395
9995,RGI2000-v7.0-G-01-06397
9996,RGI2000-v7.0-G-01-06400
9997,RGI2000-v7.0-G-01-06427
9998,RGI2000-v7.0-G-01-06441
9999,RGI2000-v7.0-G-01-06445
10000,RGI2000-v7.0-G-01-06447
10001,RGI2000-v7.0-G-01-06448
10002,RGI2000-v7.0-G-01-06449
10003,RGI2000-v7.0-G-01-06469
10004,RGI2000-v7.0-G-01-06470
10005,RGI2000-v7.0-G-01-06485
10006,RGI2000-v7.0-G-01-06488
10007,RGI2000-v7.0-G-01-06491
10008,RGI2000-v7.0-G-01-06493
10009,RGI2000-v7.0-G-01-06498
10010,RGI2000-v7.0-G-01-06502
10011,RGI2000-v7.0-G-01-06506
10012,RGI2000-v7.0-G-01-06507
10013,RGI2000-v7.0-G-01-06520
10014,RGI2000-v7.0-G-01-06530
10015,RGI2000-v7.0-G-01-06531
10016,RGI2000-v7.0-G-01-06535
10017,RGI2000-v7.0-G-01-06544
10018,RGI2000-v7.0-G-01-06545
10019,RGI2000-v7.0-G-01-06549
10020,RGI2000-v7.0-G-01-06551
10021,RGI2000-v7.0-G-01-06552
10022,RGI2000-v7.0-G-01-06553
10023,RGI2000-v7.0-G-01-06555
10024,RGI2000-v7.0-G-01-06556
10025,RGI2000-v7.0-G-01-06558
10026,RGI2000-v7.0-G-01-06559
10027,RGI2000-v7.0-G-01-06561
10028,RGI2000-v7.0-G-01-06592
10029,RGI2000-v7.0-G-01-06601
10030,RGI2000-v7.0-G-01-06606
10031,RGI2000-v7.0-G-01-06608
10032,RGI2000-v7.0-G-01-06609
10033,RGI2000-v7.0-G-01-06610
10034,RGI2000-v7.0-G-01-06613
10035,RGI2000-v7.0-G-01-06614
10036,RGI2000-v7.0-G-01-06616
10037,RGI2000-v7.0-G-01-06617
10038,RGI2000-v7.0-G-01-06618
10039,RGI2000-v7.0-G-01-06619
10040,RGI2000-v7.0-G-01-06620
10041,RGI2000-v7.0-G-01-06621
10042,RGI2000-v7.0-G-01-06627
10043,RGI2000-v7.0-G-01-06628
10044,RGI2000-v7.0-G-01-06629
10045,RGI2000-v7.0-G-01-06630
10046,RGI2000-v7.0-G-01-06631
10047,RGI2000-v7.0-G-01-06632
10048,RGI2000-v7.0-G-01-06633
10049,RGI2000-v7.0-G-01-06634
10050,RGI2000-v7.0-G-01-06635
10051,RGI2000-v7.0-G-01-06639
10052,RGI2000-v7.0-G-01-06640
10053,RGI2000-v7.0-G-01-06641
10054,RGI2000-v7.0-G-01-06642
10055,RGI2000-v7.0-G-01-06643
10056,RGI2000-v7.0-G-01-06644
10057,RGI2000-v7.0-G-01-06645
10058,RGI2000-v7.0-G-01-06646
10059,RGI2000-v7.0-G-01-06647
10060,RGI2000-v7.0-G-01-06648
10061,RGI2000-v7.0-G-01-06649
10062,RGI2000-v7.0-G-01-06650
10063,RGI2000-v7.0-G-01-06651
10064,RGI2000-v7.0-G-01-06652
10065,RGI2000-v7.0-G-01-06654
10066,RGI2000-v7.0-G-01-06655
10067,RGI2000-v7.0-G-01-06656
10068,RGI2000-v7.0-G-01-06657
10069,RGI2000-v7.0-G-01-06659
10070,RGI2000-v7.0-G-01-06662
10071,RGI2000-v7.0-G-01-06664
10072,RGI2000-v7.0-G-01-06665
10073,RGI2000-v7.0-G-01-06666
10074,RGI2000-v7.0-G-01-06667
10075,RGI2000-v7.0-G-01-06668
10076,RGI2000-v7.0-G-01-06669
10077,RGI2000-v7.0-G-01-06670
10078,RGI2000-v7.0-G-01-06671
10079,RGI2000-v7.0-G-01-06677
10080,RGI2000-v7.0-G-01-06678
10081,RGI2000-v7.0-G-01-06679
10082,RGI2000-v7.0-G-01-06684
10083,RGI2000-v7.0-G-01-06686
10084,RGI2000-v7.0-G-01-06689
10085,RGI2000-v7.0-G-01-06709
10086,RGI2000-v7.0-G-01-06710
10087,RGI2000-v7.0-G-01-06711
10088,RGI2000-v7.0-G-01-06714
10089,RGI2000-v7.0-G-01-06719
10090,RGI2000-v7.0-G-01-06722
10091,RGI2000-v7.0-G-01-06724
10092,RGI2000-v7.0-G-01-06725
10093,RGI2000-v7.0-G-01-06726
10094,RGI2000-v7.0-G-01-06727
10095,RGI2000-v7.0-G-01-06728
10096,RGI2000-v7.0-G-01-06730
10097,RGI2000-v7.0-G-01-06731
10098,RGI2000-v7.0-G-01-06732
10099,RGI2000-v7.0-G-01-06733
10100,RGI2000-v7.0-G-01-06734
10101,RGI2000-v7.0-G-01-06735
10102,RGI2000-v7.0-G-01-06737
10103,RGI2000-v7.0-G-01-06738
10104,RGI2000-v7.0-G-01-06739
10105,RGI2000-v7.0-G-01-06740
10106,RGI2000-v7.0-G-01-06765
10107,RGI2000-v7.0-G-01-06772
10108,RGI2000-v7.0-G-01-06773
10109,RGI2000-v7.0-G-01-06774
10110,RGI2000-v7.0-G-01-06779
10111,RGI2000-v7.0-G-01-06780
10112,RGI2000-v7.0-G-01-06781
10113,RGI2000-v7.0-G-01-06786
10114,RGI2000-v7.0-G-01-06788
10115,RGI2000-v7.0-G-01-06789
10116,RGI2000-v7.0-G-01-06793
10117,RGI2000-v7.0-G-01-06795
10118,RGI2000-v7.0-G-01-06796
10119,RGI2000-v7.0-G-01-06797
10120,RGI2000-v7.0-G-01-06798
10121,RGI2000-v7.0-G-01-06799
10122,RGI2000-v7.0-G-01-06802
10123,RGI2000-v7.0-G-01-06807
10124,RGI2000-v7.0-G-01-06813
10125,RGI2000-v7.0-G-01-06814
10126,RGI2000-v7.0-G-01-06815
10127,RGI2000-v7.0-G-01-06817
10128,RGI2000-v7.0-G-01-06818
10129,RGI2000-v7.0-G-01-06819
10130,RGI2000-v7.0-G-01-06820
10131,RGI2000-v7.0-G-01-06821
10132,RGI2000-v7.0-G-01-06824
10133,RGI2000-v7.0-G-01-06827
10134,RGI2000-v7.0-G-01-06828
10135,RGI2000-v7.0-G-01-06830
10136,RGI2000-v7.0-G-01-06831
10137,RGI2000-v7.0-G-01-06832
10138,RGI2000-v7.0-G-01-06833
10139,RGI2000-v7.0-G-01-06834
10140,RGI2000-v7.0-G-01-06835
10141,RGI2000-v7.0-G-01-06836
10142,RGI2000-v7.0-G-01-06838
10143,RGI2000-v7.0-G-01-06839
10144,RGI2000-v7.0-G-01-06840
10145,RGI2000-v7.0-G-01-06841
10146,RGI2000-v7.0-G-01-06842
10147,RGI2000-v7.0-G-01-06844
10148,RGI2000-v7.0-G-01-06845
10149,RGI2000-v7.0-G-01-06846
10150,RGI2000-v7.0-G-01-06849
10151,RGI2000-v7.0-G-01-06850
10152,RGI2000-v7.0-G-01-06851
10153,RGI2000-v7.0-G-01-06852
10154,RGI2000-v7.0-G-01-06853
10155,RGI2000-v7.0-G-01-06854
10156,RGI2000-v7.0-G-01-06855
10157,RGI2000-v7.0-G-01-06883
10158,RGI2000-v7.0-G-01-06902
10159,RGI2000-v7.0-G-01-06914
10160,RGI2000-v7.0-G-01-06919
10161,RGI2000-v7.0-G-01-06923
10162,RGI2000-v7.0-G-01-06924
10163,RGI2000-v7.0-G-01-06925
10164,RGI2000-v7.0-G-01-06926
10165,RGI2000-v7.0-G-01-06928
10166,RGI2000-v7.0-G-01-06932
10167,RGI2000-v7.0-G-01-06933
10168,RGI2000-v7.0-G-01-06951
10169,RGI2000-v7.0-G-01-06952
10170,RGI2000-v7.0-G-01-06955
10171,RGI2000-v7.0-G-01-06962
10172,RGI2000-v7.0-G-01-06968
10173,RGI2000-v7.0-G-01-06969
10174,RGI2000-v7.0-G-01-06972
10175,RGI2000-v7.0-G-01-06974
10176,RGI2000-v7.0-G-01-06977
10177,RGI2000-v7.0-G-01-06981
10178,RGI2000-v7.0-G-01-06982
10179,RGI2000-v7.0-G-01-06987
10180,RGI2000-v7.0-G-01-06988
10181,RGI2000-v7.0-G-01-06989
10182,RGI2000-v7.0-G-01-06990
10183,RGI2000-v7.0-G-01-06992
10184,RGI2000-v7.0-G-01-06994
10185,RGI2000-v7.0-G-01-06996
10186,RGI2000-v7.0-G-01-06997
10187,RGI2000-v7.0-G-01-06999
10188,RGI2000-v7.0-G-01-07000
10189,RGI2000-v7.0-G-01-07003
10190,RGI2000-v7.0-G-01-07009
10191,RGI2000-v7.0-G-01-07010
10192,RGI2000-v7.0-G-01-07011
10193,RGI2000-v7.0-G-01-07012
10194,RGI2000-v7.0-G-01-07013
10195,RGI2000-v7.0-G-01-07015
10196,RGI2000-v7.0-G-01-07019
10197,RGI2000-v7.0-G-01-07020
10198,RGI2000-v7.0-G-01-07021
10199,RGI2000-v7.0-G-01-07022
10200,RGI2000-v7.0-G-01-07023
10201,RGI2000-v7.0-G-01-07026
10202,RGI2000-v7.0-G-01-07027
10203,RGI2000-v7.0-G-01-07028
10204,RGI2000-v7.0-G-01-07031
10205,RGI2000-v7.0-G-01-07032
10206,RGI2000-v7.0-G-01-07033
10207,RGI2000-v7.0-G-01-07036
10208,RGI2000-v7.0-G-01-07041
10209,RGI2000-v7.0-G-01-07042
10210,RGI2000-v7.0-G-01-07043
10211,RGI2000-v7.0-G-01-07045
10212,RGI2000-v7.0-G-01-07047
10213,RGI2000-v7.0-G-01-07048
10214,RGI2000-v7.0-G-01-07050
10215,RGI2000-v7.0-G-01-07051
10216,RGI2000-v7.0-G-01-07056
10217,RGI2000-v7.0-G-01-07057
10218,RGI2000-v7.0-G-01-07059
10219,RGI2000-v7.0-G-01-07060
10220,RGI2000-v7.0-G-01-07062
10221,RGI2000-v7.0-G-01-07063
10222,RGI2000-v7.0-G-01-07064
10223,RGI2000-v7.0-G-01-07065
10224,RGI2000-v7.0-G-01-07066
10225,RGI2000-v7.0-G-01-07070
10226,RGI2000-v7.0-G-01-07072
10227,RGI2000-v7.0-G-01-07073
10228,RGI2000-v7.0-G-01-07079
10229,RGI2000-v7.0-G-01-07080
10230,RGI2000-v7.0-G-01-07086
10231,RGI2000-v7.0-G-01-07088
10232,RGI2000-v7.0-G-01-07089
10233,RGI2000-v7.0-G-01-07090
10234,RGI2000-v7.0-G-01-07094
10235,RGI2000-v7.0-G-01-07095
10236,RGI2000-v7.0-G-01-07097
10237,RGI2000-v7.0-G-01-07102
10238,RGI2000-v7.0-G-01-07103
10239,RGI2000-v7.0-G-01-07104
10240,RGI2000-v7.0-G-01-07106
10241,RGI2000-v7.0-G-01-07108
10242,RGI2000-v7.0-G-01-07111
10243,RGI2000-v7.0-G-01-07112
10244,RGI2000-v7.0-G-01-07115
10245,RGI2000-v7.0-G-01-07119
10246,RGI2000-v7.0-G-01-07122
10247,RGI2000-v7.0-G-01-07124
10248,RGI2000-v7.0-G-01-07125
10249,RGI2000-v7.0-G-01-07131
10250,RGI2000-v7.0-G-01-07132
10251,RGI2000-v7.0-G-01-07133
10252,RGI2000-v7.0-G-01-07134
10253,RGI2000-v7.0-G-01-07137
10254,RGI2000-v7.0-G-01-07141
10255,RGI2000-v7.0-G-01-07142
10256,RGI2000-v7.0-G-01-07143
10257,RGI2000-v7.0-G-01-07144
10258,RGI2000-v7.0-G-01-07145
10259,RGI2000-v7.0-G-01-07146
10260,RGI2000-v7.0-G-01-07147
10261,RGI2000-v7.0-G-01-07181
10262,RGI2000-v7.0-G-01-07204
10263,RGI2000-v7.0-G-01-07216
10264,RGI2000-v7.0-G-01-07217
10265,RGI2000-v7.0-G-01-07218
10266,RGI2000-v7.0-G-01-07220
10267,RGI2000-v7.0-G-01-07223
10268,RGI2000-v7.0-G-01-07230
10269,RGI2000-v7.0-G-01-07233
10270,RGI2000-v7.0-G-01-07234
10271,RGI2000-v7.0-G-01-07235
10272,RGI2000-v7.0-G-01-07236
10273,RGI2000-v7.0-G-01-07241
10274,RGI2000-v7.0-G-01-07245
10275,RGI2000-v7.0-G-01-07248
10276,RGI2000-v7.0-G-01-07249
10277,RGI2000-v7.0-G-01-07251
10278,RGI2000-v7.0-G-01-07252
10279,RGI2000-v7.0-G-01-07253
10280,RGI2000-v7.0-G-01-07255
10281,RGI2000-v7.0-G-01-07256
10282,RGI2000-v7.0-G-01-07257
10283,RGI2000-v7.0-G-01-07259
10284,RGI2000-v7.0-G-01-07260
10285,RGI2000-v7.0-G-01-07263
10286,RGI2000-v7.0-G-01-07264
10287,RGI2000-v7.0-G-01-07265
10288,RGI2000-v7.0-G-01-07266
10289,RGI2000-v7.0-G-01-07267
10290,RGI2000-v7.0-G-01-07272
10291,RGI2000-v7.0-G-01-07274
10292,RGI2000-v7.0-G-01-07339
10293,RGI2000-v7.0-G-01-07352
10294,RGI2000-v7.0-G-01-07354
10295,RGI2000-v7.0-G-01-07388
10296,RGI2000-v7.0-G-01-07436
10297,RGI2000-v7.0-G-01-07449
10298,RGI2000-v7.0-G-01-07460
10299,RGI2000-v7.0-G-01-07463
10300,RGI2000-v7.0-G-01-07467
10301,RGI2000-v7.0-G-01-07479
10302,RGI2000-v7.0-G-01-07481
10303,RGI2000-v7.0-G-01-07487
10304,RGI2000-v7.0-G-01-07493
10305,RGI2000-v7.0-G-01-07495
10306,RGI2000-v7.0-G-01-07507
10307,RGI2000-v7.0-G-01-07531
10308,RGI2000-v7.0-G-01-07538
10309,RGI2000-v7.0-G-01-07555
10310,RGI2000-v7.0-G-01-07556
10311,RGI2000-v7.0-G-01-07560
10312,RGI2000-v7.0-G-01-07563
10313,RGI2000-v7.0-G-01-07568
10314,RGI2000-v7.0-G-01-07571
10315,RGI2000-v7.0-G-01-07578
10316,RGI2000-v7.0-G-01-07586
10317,RGI2000-v7.0-G-01-07588
10318,RGI2000-v7.0-G-01-07589
10319,RGI2000-v7.0-G-01-07590
10320,RGI2000-v7.0-G-01-07591
10321,RGI2000-v7.0-G-01-07592
10322,RGI2000-v7.0-G-01-07595
10323,RGI2000-v7.0-G-01-07598
10324,RGI2000-v7.0-G-01-07604
10325,RGI2000-v7.0-G-01-07608
10326,RGI2000-v7.0-G-01-07612
10327,RGI2000-v7.0-G-01-07628
10328,RGI2000-v7.0-G-01-07629
10329,RGI2000-v7.0-G-01-07644
10330,RGI2000-v7.0-G-01-07648
10331,RGI2000-v7.0-G-01-07651
10332,RGI2000-v7.0-G-01-07653
10333,RGI2000-v7.0-G-01-07657
10334,RGI2000-v7.0-G-01-07665
10335,RGI2000-v7.0-G-01-07669
10336,RGI2000-v7.0-G-01-07670
10337,RGI2000-v7.0-G-01-07671
10338,RGI2000-v7.0-G-01-07673
10339,RGI2000-v7.0-G-01-07675
10340,RGI2000-v7.0-G-01-07676
10341,RGI2000-v7.0-G-01-07680
10342,RGI2000-v7.0-G-01-07683
10343,RGI2000-v7.0-G-01-07685
10344,RGI2000-v7.0-G-01-07688
10345,RGI2000-v7.0-G-01-07689
10346,RGI2000-v7.0-G-01-07696
10347,RGI2000-v7.0-G-01-07697
10348,RGI2000-v7.0-G-01-07710
10349,RGI2000-v7.0-G-01-07715
10350,RGI2000-v7.0-G-01-07716
10351,RGI2000-v7.0-G-01-07725
10352,RGI2000-v7.0-G-01-07729
10353,RGI2000-v7.0-G-01-07733
10354,RGI2000-v7.0-G-01-07746
10355,RGI2000-v7.0-G-01-07752
10356,RGI2000-v7.0-G-01-07759
10357,RGI2000-v7.0-G-01-07766
10358,RGI2000-v7.0-G-01-07786
10359,RGI2000-v7.0-G-01-07808
10360,RGI2000-v7.0-G-01-07811
10361,RGI2000-v7.0-G-01-07812
10362,RGI2000-v7.0-G-01-07814
10363,RGI2000-v7.0-G-01-07818
10364,RGI2000-v7.0-G-01-07826
10365,RGI2000-v7.0-G-01-07827
10366,RGI2000-v7.0-G-01-07830
10367,RGI2000-v7.0-G-01-07839
10368,RGI2000-v7.0-G-01-07844
10369,RGI2000-v7.0-G-01-07854
10370,RGI2000-v7.0-G-01-07855
10371,RGI2000-v7.0-G-01-07861
10372,RGI2000-v7.0-G-01-07864
10373,RGI2000-v7.0-G-01-07865
10374,RGI2000-v7.0-G-01-07871
10375,RGI2000-v7.0-G-01-07872
10376,RGI2000-v7.0-G-01-07873
10377,RGI2000-v7.0-G-01-07874
10378,RGI2000-v7.0-G-01-07879
10379,RGI2000-v7.0-G-01-07883
10380,RGI2000-v7.0-G-01-07895
10381,RGI2000-v7.0-G-01-07896
10382,RGI2000-v7.0-G-01-07897
10383,RGI2000-v7.0-G-01-07898
10384,RGI2000-v7.0-G-01-07905
10385,RGI2000-v7.0-G-01-07908
10386,RGI2000-v7.0-G-01-07911
10387,RGI2000-v7.0-G-01-07938
10388,RGI2000-v7.0-G-01-07939
10389,RGI2000-v7.0-G-01-07942
10390,RGI2000-v7.0-G-01-07943
10391,RGI2000-v7.0-G-01-07944
10392,RGI2000-v7.0-G-01-07953
10393,RGI2000-v7.0-G-01-07954
10394,RGI2000-v7.0-G-01-07984
10395,RGI2000-v7.0-G-01-07989
10396,RGI2000-v7.0-G-01-07991
10397,RGI2000-v7.0-G-01-07992
10398,RGI2000-v7.0-G-01-08013
10399,RGI2000-v7.0-G-01-08014
10400,RGI2000-v7.0-G-01-08015
10401,RGI2000-v7.0-G-01-08030
10402,RGI2000-v7.0-G-01-08052
10403,RGI2000-v7.0-G-01-08053
10404,RGI2000-v7.0-G-01-08057
10405,RGI2000-v7.0-G-01-08062
10406,RGI2000-v7.0-G-01-08067
10407,RGI2000-v7.0-G-01-08070
10408,RGI2000-v7.0-G-01-08074
10409,RGI2000-v7.0-G-01-08075
10410,RGI2000-v7.0-G-01-08077
10411,RGI2000-v7.0-G-01-08079
10412,RGI2000-v7.0-G-01-08080
10413,RGI2000-v7.0-G-01-08084
10414,RGI2000-v7.0-G-01-08087
10415,RGI2000-v7.0-G-01-08088
10416,RGI2000-v7.0-G-01-08101
10417,RGI2000-v7.0-G-01-08102
10418,RGI2000-v7.0-G-01-08103
10419,RGI2000-v7.0-G-01-08110
10420,RGI2000-v7.0-G-01-08120
10421,RGI2000-v7.0-G-01-08130
10422,RGI2000-v7.0-G-01-08161
10423,RGI2000-v7.0-G-01-08183
10424,RGI2000-v7.0-G-01-08187
10425,RGI2000-v7.0-G-01-08204
10426,RGI2000-v7.0-G-01-08210
10427,RGI2000-v7.0-G-01-08218
10428,RGI2000-v7.0-G-01-08230
10429,RGI2000-v7.0-G-01-08239
10430,RGI2000-v7.0-G-01-08241
10431,RGI2000-v7.0-G-01-08246
10432,RGI2000-v7.0-G-01-08249
10433,RGI2000-v7.0-G-01-08363
10434,RGI2000-v7.0-G-01-08374
10435,RGI2000-v7.0-G-01-08388
10436,RGI2000-v7.0-G-01-08390
10437,RGI2000-v7.0-G-01-08396
10438,RGI2000-v7.0-G-01-08397
10439,RGI2000-v7.0-G-01-08399
10440,RGI2000-v7.0-G-01-08400
10441,RGI2000-v7.0-G-01-08403
10442,RGI2000-v7.0-G-01-08404
10443,RGI2000-v7.0-G-01-08408
10444,RGI2000-v7.0-G-01-08411
10445,RGI2000-v7.0-G-01-08426
10446,RGI2000-v7.0-G-01-08431
10447,RGI2000-v7.0-G-01-08434
10448,RGI2000-v7.0-G-01-08437
10449,RGI2000-v7.0-G-01-08446
10450,RGI2000-v7.0-G-01-08451
10451,RGI2000-v7.0-G-01-08452
10452,RGI2000-v7.0-G-01-08455
10453,RGI2000-v7.0-G-01-08456
10454,RGI2000-v7.0-G-01-08462
10455,RGI2000-v7.0-G-01-08469
10456,RGI2000-v7.0-G-01-08470
10457,RGI2000-v7.0-G-01-08473
10458,RGI2000-v7.0-G-01-08484
10459,RGI2000-v7.0-G-01-08491
10460,RGI2000-v7.0-G-01-08501
10461,RGI2000-v7.0-G-01-08502
10462,RGI2000-v7.0-G-01-08507
10463,RGI2000-v7.0-G-01-08523
10464,RGI2000-v7.0-G-01-08529
10465,RGI2000-v7.0-G-01-08532
10466,RGI2000-v7.0-G-01-08535
10467,RGI2000-v7.0-G-01-08536
10468,RGI2000-v7.0-G-01-08539
10469,RGI2000-v7.0-G-01-08540
10470,RGI2000-v7.0-G-01-08541
10471,RGI2000-v7.0-G-01-08552
10472,RGI2000-v7.0-G-01-08555
10473,RGI2000-v7.0-G-01-08556
10474,RGI2000-v7.0-G-01-08562
10475,RGI2000-v7.0-G-01-08569
10476,RGI2000-v7.0-G-01-08582
10477,RGI2000-v7.0-G-01-08599
10478,RGI2000-v7.0-G-01-08601
10479,RGI2000-v7.0-G-01-08602
10480,RGI2000-v7.0-G-01-08603
10481,RGI2000-v7.0-G-01-08604
10482,RGI2000-v7.0-G-01-08609
10483,RGI2000-v7.0-G-01-08615
10484,RGI2000-v7.0-G-01-08617
10485,RGI2000-v7.0-G-01-08628
10486,RGI2000-v7.0-G-01-08646
10487,RGI2000-v7.0-G-01-08648
10488,RGI2000-v7.0-G-01-08649
10489,RGI2000-v7.0-G-01-08650
10490,RGI2000-v7.0-G-01-08652
10491,RGI2000-v7.0-G-01-08654
10492,RGI2000-v7.0-G-01-08664
10493,RGI2000-v7.0-G-01-08667
10494,RGI2000-v7.0-G-01-08669
10495,RGI2000-v7.0-G-01-08670
10496,RGI2000-v7.0-G-01-08672
10497,RGI2000-v7.0-G-01-08684
10498,RGI2000-v7.0-G-01-08700
10499,RGI2000-v7.0-G-01-08703
10500,RGI2000-v7.0-G-01-08709
10501,RGI2000-v7.0-G-01-08714
10502,RGI2000-v7.0-G-01-08715
10503,RGI2000-v7.0-G-01-08716
10504,RGI2000-v7.0-G-01-08717
10505,RGI2000-v7.0-G-01-08725
10506,RGI2000-v7.0-G-01-08734
10507,RGI2000-v7.0-G-01-08735
10508,RGI2000-v7.0-G-01-08742
10509,RGI2000-v7.0-G-01-08746
10510,RGI2000-v7.0-G-01-08756
10511,RGI2000-v7.0-G-01-08757
10512,RGI2000-v7.0-G-01-08758
10513,RGI2000-v7.0-G-01-08763
10514,RGI2000-v7.0-G-01-08764
10515,RGI2000-v7.0-G-01-08765
10516,RGI2000-v7.0-G-01-08766
10517,RGI2000-v7.0-G-01-08778
10518,RGI2000-v7.0-G-01-08781
10519,RGI2000-v7.0-G-01-08784
10520,RGI2000-v7.0-G-01-08790
10521,RGI2000-v7.0-G-01-08792
10522,RGI2000-v7.0-G-01-08795
10523,RGI2000-v7.0-G-01-08797
10524,RGI2000-v7.0-G-01-08799
10525,RGI2000-v7.0-G-01-08803
10526,RGI2000-v7.0-G-01-08804
10527,RGI2000-v7.0-G-01-08806
10528,RGI2000-v7.0-G-01-08808
10529,RGI2000-v7.0-G-01-08809
10530,RGI2000-v7.0-G-01-08810
10531,RGI2000-v7.0-G-01-08811
10532,RGI2000-v7.0-G-01-08812
10533,RGI2000-v7.0-G-01-08815
10534,RGI2000-v7.0-G-01-08816
10535,RGI2000-v7.0-G-01-08822
10536,RGI2000-v7.0-G-01-08824
10537,RGI2000-v7.0-G-01-08830
10538,RGI2000-v7.0-G-01-08831
10539,RGI2000-v7.0-G-01-08838
10540,RGI2000-v7.0-G-01-08845
10541,RGI2000-v7.0-G-01-08847
10542,RGI2000-v7.0-G-01-08848
10543,RGI2000-v7.0-G-01-08861
10544,RGI2000-v7.0-G-01-08863
10545,RGI2000-v7.0-G-01-08871
10546,RGI2000-v7.0-G-01-08875
10547,RGI2000-v7.0-G-01-08878
10548,RGI2000-v7.0-G-01-08879
10549,RGI2000-v7.0-G-01-08882
10550,RGI2000-v7.0-G-01-08884
10551,RGI2000-v7.0-G-01-08886
10552,RGI2000-v7.0-G-01-08889
10553,RGI2000-v7.0-G-01-08890
10554,RGI2000-v7.0-G-01-08902
10555,RGI2000-v7.0-G-01-08903
10556,RGI2000-v7.0-G-01-08907
10557,RGI2000-v7.0-G-01-08908
10558,RGI2000-v7.0-G-01-08921
10559,RGI2000-v7.0-G-01-08926
10560,RGI2000-v7.0-G-01-08927
10561,RGI2000-v7.0-G-01-08928
10562,RGI2000-v7.0-G-01-08939
10563,RGI2000-v7.0-G-01-08945
10564,RGI2000-v7.0-G-01-08949
10565,RGI2000-v7.0-G-01-08951
10566,RGI2000-v7.0-G-01-08953
10567,RGI2000-v7.0-G-01-08958
10568,RGI2000-v7.0-G-01-08961
10569,RGI2000-v7.0-G-01-08962
10570,RGI2000-v7.0-G-01-08963
10571,RGI2000-v7.0-G-01-08985
10572,RGI2000-v7.0-G-01-08990
10573,RGI2000-v7.0-G-01-08997
10574,RGI2000-v7.0-G-01-09002
10575,RGI2000-v7.0-G-01-09026
10576,RGI2000-v7.0-G-01-09033
10577,RGI2000-v7.0-G-01-09054
10578,RGI2000-v7.0-G-01-09060
10579,RGI2000-v7.0-G-01-09066
10580,RGI2000-v7.0-G-01-09075
10581,RGI2000-v7.0-G-01-09081
10582,RGI2000-v7.0-G-01-09082
10583,RGI2000-v7.0-G-01-09087
10584,RGI2000-v7.0-G-01-09089
10585,RGI2000-v7.0-G-01-09091
10586,RGI2000-v7.0-G-01-09114
10587,RGI2000-v7.0-G-01-09129
10588,RGI2000-v7.0-G-01-09131
10589,RGI2000-v7.0-G-01-09132
10590,RGI2000-v7.0-G-01-09136
10591,RGI2000-v7.0-G-01-09151
10592,RGI2000-v7.0-G-01-09155
10593,RGI2000-v7.0-G-01-09156
10594,RGI2000-v7.0-G-01-09160
10595,RGI2000-v7.0-G-01-09166
10596,RGI2000-v7.0-G-01-09167
10597,RGI2000-v7.0-G-01-09169
10598,RGI2000-v7.0-G-01-09182
10599,RGI2000-v7.0-G-01-09197
10600,RGI2000-v7.0-G-01-09202
10601,RGI2000-v7.0-G-01-09212
10602,RGI2000-v7.0-G-01-09225
10603,RGI2000-v7.0-G-01-09246
10604,RGI2000-v7.0-G-01-09249
10605,RGI2000-v7.0-G-01-09251
10606,RGI2000-v7.0-G-01-09253
10607,RGI2000-v7.0-G-01-09255
10608,RGI2000-v7.0-G-01-09256
10609,RGI2000-v7.0-G-01-09257
10610,RGI2000-v7.0-G-01-09258
10611,RGI2000-v7.0-G-01-09260
10612,RGI2000-v7.0-G-01-09262
10613,RGI2000-v7.0-G-01-09264
10614,RGI2000-v7.0-G-01-09269
10615,RGI2000-v7.0-G-01-09271
10616,RGI2000-v7.0-G-01-09274
10617,RGI2000-v7.0-G-01-09280
10618,RGI2000-v7.0-G-01-09281
10619,RGI2000-v7.0-G-01-09283
10620,RGI2000-v7.0-G-01-09288
10621,RGI2000-v7.0-G-01-09291
10622,RGI2000-v7.0-G-01-09295
10623,RGI2000-v7.0-G-01-09298
10624,RGI2000-v7.0-G-01-09303
10625,RGI2000-v7.0-G-01-09304
10626,RGI2000-v7.0-G-01-09317
10627,RGI2000-v7.0-G-01-09320
10628,RGI2000-v7.0-G-01-09330
10629,RGI2000-v7.0-G-01-09331
10630,RGI2000-v7.0-G-01-09332
10631,RGI2000-v7.0-G-01-09339
10632,RGI2000-v7.0-G-01-09340
10633,RGI2000-v7.0-G-01-09349
10634,RGI2000-v7.0-G-01-09378
10635,RGI2000-v7.0-G-01-09379
10636,RGI2000-v7.0-G-01-09383
10637,RGI2000-v7.0-G-01-09392
10638,RGI2000-v7.0-G-01-09396
10639,RGI2000-v7.0-G-01-09398
10640,RGI2000-v7.0-G-01-09417
10641,RGI2000-v7.0-G-01-09421
10642,RGI2000-v7.0-G-01-09431
10643,RGI2000-v7.0-G-01-09439
10644,RGI2000-v7.0-G-01-09445
10645,RGI2000-v7.0-G-01-09457
10646,RGI2000-v7.0-G-01-09458
10647,RGI2000-v7.0-G-01-09463
10648,RGI2000-v7.0-G-01-09469
10649,RGI2000-v7.0-G-01-09477
10650,RGI2000-v7.0-G-01-09479
10651,RGI2000-v7.0-G-01-09482
10652,RGI2000-v7.0-G-01-09485
10653,RGI2000-v7.0-G-01-09488
10654,RGI2000-v7.0-G-01-09492
10655,RGI2000-v7.0-G-01-09494
10656,RGI2000-v7.0-G-01-09496
10657,RGI2000-v7.0-G-01-09498
10658,RGI2000-v7.0-G-01-09499
10659,RGI2000-v7.0-G-01-09503
10660,RGI2000-v7.0-G-01-09504
10661,RGI2000-v7.0-G-01-09511
10662,RGI2000-v7.0-G-01-09512
10663,RGI2000-v7.0-G-01-09524
10664,RGI2000-v7.0-G-01-09527
10665,RGI2000-v7.0-G-01-09569
10666,RGI2000-v7.0-G-01-09572
10667,RGI2000-v7.0-G-01-09575
10668,RGI2000-v7.0-G-01-09577
10669,RGI2000-v7.0-G-01-09585
10670,RGI2000-v7.0-G-01-09587
10671,RGI2000-v7.0-G-01-09590
10672,RGI2000-v7.0-G-01-09615
10673,RGI2000-v7.0-G-01-09618
10674,RGI2000-v7.0-G-01-09619
10675,RGI2000-v7.0-G-01-09620
10676,RGI2000-v7.0-G-01-09621
10677,RGI2000-v7.0-G-01-09622
10678,RGI2000-v7.0-G-01-09623
10679,RGI2000-v7.0-G-01-09630
10680,RGI2000-v7.0-G-01-09632
10681,RGI2000-v7.0-G-01-09639
10682,RGI2000-v7.0-G-01-09646
10683,RGI2000-v7.0-G-01-09654
10684,RGI2000-v7.0-G-01-09656
10685,RGI2000-v7.0-G-01-09662
10686,RGI2000-v7.0-G-01-09663
10687,RGI2000-v7.0-G-01-09664
10688,RGI2000-v7.0-G-01-09668
10689,RGI2000-v7.0-G-01-09669
10690,RGI2000-v7.0-G-01-09670
10691,RGI2000-v7.0-G-01-09671
10692,RGI2000-v7.0-G-01-09672
10693,RGI2000-v7.0-G-01-09674
10694,RGI2000-v7.0-G-01-09675
10695,RGI2000-v7.0-G-01-09679
10696,RGI2000-v7.0-G-01-09681
10697,RGI2000-v7.0-G-01-09684
10698,RGI2000-v7.0-G-01-09696
10699,RGI2000-v7.0-G-01-09734
10700,RGI2000-v7.0-G-01-09735
10701,RGI2000-v7.0-G-01-09738
10702,RGI2000-v7.0-G-01-09740
10703,RGI2000-v7.0-G-01-09741
10704,RGI2000-v7.0-G-01-09748
10705,RGI2000-v7.0-G-01-09753
10706,RGI2000-v7.0-G-01-09779
10707,RGI2000-v7.0-G-01-09785
10708,RGI2000-v7.0-G-01-09789
10709,RGI2000-v7.0-G-01-09790
10710,RGI2000-v7.0-G-01-09797
10711,RGI2000-v7.0-G-01-09801
10712,RGI2000-v7.0-G-01-09803
10713,RGI2000-v7.0-G-01-09810
10714,RGI2000-v7.0-G-01-09811
10715,RGI2000-v7.0-G-01-09814
10716,RGI2000-v7.0-G-01-09816
10717,RGI2000-v7.0-G-01-09817
10718,RGI2000-v7.0-G-01-09821
10719,RGI2000-v7.0-G-01-09824
10720,RGI2000-v7.0-G-01-09827
10721,RGI2000-v7.0-G-01-09829
10722,RGI2000-v7.0-G-01-09831
10723,RGI2000-v7.0-G-01-09836
10724,RGI2000-v7.0-G-01-09837
10725,RGI2000-v7.0-G-01-09838
10726,RGI2000-v7.0-G-01-09841
10727,RGI2000-v7.0-G-01-09842
10728,RGI2000-v7.0-G-01-09844
10729,RGI2000-v7.0-G-01-09850
10730,RGI2000-v7.0-G-01-09851
10731,RGI2000-v7.0-G-01-09853
10732,RGI2000-v7.0-G-01-09856
10733,RGI2000-v7.0-G-01-09865
10734,RGI2000-v7.0-G-01-09866
10735,RGI2000-v7.0-G-01-09869
10736,RGI2000-v7.0-G-01-09871
10737,RGI2000-v7.0-G-01-09875
10738,RGI2000-v7.0-G-01-09877
10739,RGI2000-v7.0-G-01-09880
10740,RGI2000-v7.0-G-01-09885
10741,RGI2000-v7.0-G-01-09890
10742,RGI2000-v7.0-G-01-09893
10743,RGI2000-v7.0-G-01-09903
10744,RGI2000-v7.0-G-01-09905
10745,RGI2000-v7.0-G-01-09908
10746,RGI2000-v7.0-G-01-09912
10747,RGI2000-v7.0-G-01-09915
10748,RGI2000-v7.0-G-01-09916
10749,RGI2000-v7.0-G-01-09917
10750,RGI2000-v7.0-G-01-09919
10751,RGI2000-v7.0-G-01-09920
10752,RGI2000-v7.0-G-01-09922
10753,RGI2000-v7.0-G-01-09924
10754,RGI2000-v7.0-G-01-09925
10755,RGI2000-v7.0-G-01-09928
10756,RGI2000-v7.0-G-01-09929
10757,RGI2000-v7.0-G-01-09930
10758,RGI2000-v7.0-G-01-09933
10759,RGI2000-v7.0-G-01-09936
10760,RGI2000-v7.0-G-01-09940
10761,RGI2000-v7.0-G-01-09942
10762,RGI2000-v7.0-G-01-09945
10763,RGI2000-v7.0-G-01-09946
10764,RGI2000-v7.0-G-01-09947
10765,RGI2000-v7.0-G-01-09949
10766,RGI2000-v7.0-G-01-09950
10767,RGI2000-v7.0-G-01-09951
10768,RGI2000-v7.0-G-01-09961
10769,RGI2000-v7.0-G-01-09964
10770,RGI2000-v7.0-G-01-09975
10771,RGI2000-v7.0-G-01-09986
10772,RGI2000-v7.0-G-01-09987
10773,RGI2000-v7.0-G-01-09990
10774,RGI2000-v7.0-G-01-09993
10775,RGI2000-v7.0-G-01-09995
10776,RGI2000-v7.0-G-01-09999
10777,RGI2000-v7.0-G-01-10004
10778,RGI2000-v7.0-G-01-10005
10779,RGI2000-v7.0-G-01-10006
10780,RGI2000-v7.0-G-01-10008
10781,RGI2000-v7.0-G-01-10011
10782,RGI2000-v7.0-G-01-10014
10783,RGI2000-v7.0-G-01-10023
10784,RGI2000-v7.0-G-01-10024
10785,RGI2000-v7.0-G-01-10027
10786,RGI2000-v7.0-G-01-10029
10787,RGI2000-v7.0-G-01-10051
10788,RGI2000-v7.0-G-01-10092
10789,RGI2000-v7.0-G-01-10093
10790,RGI2000-v7.0-G-01-10096
10791,RGI2000-v7.0-G-01-10098
10792,RGI2000-v7.0-G-01-10140
10793,RGI2000-v7.0-G-01-10142
10794,RGI2000-v7.0-G-01-10150
10795,RGI2000-v7.0-G-01-10176
10796,RGI2000-v7.0-G-01-10181
10797,RGI2000-v7.0-G-01-10184
10798,RGI2000-v7.0-G-01-10185
10799,RGI2000-v7.0-G-01-10193
10800,RGI2000-v7.0-G-01-10200
10801,RGI2000-v7.0-G-01-10203
10802,RGI2000-v7.0-G-01-10204
10803,RGI2000-v7.0-G-01-10205
10804,RGI2000-v7.0-G-01-10206
10805,RGI2000-v7.0-G-01-10207
10806,RGI2000-v7.0-G-01-10209
10807,RGI2000-v7.0-G-01-10210
10808,RGI2000-v7.0-G-01-10211
10809,RGI2000-v7.0-G-01-10212
10810,RGI2000-v7.0-G-01-10216
10811,RGI2000-v7.0-G-01-10218
10812,RGI2000-v7.0-G-01-10219
10813,RGI2000-v7.0-G-01-10220
10814,RGI2000-v7.0-G-01-10225
10815,RGI2000-v7.0-G-01-10228
10816,RGI2000-v7.0-G-01-10237
10817,RGI2000-v7.0-G-01-10253
10818,RGI2000-v7.0-G-01-10256
10819,RGI2000-v7.0-G-01-10265
10820,RGI2000-v7.0-G-01-10270
10821,RGI2000-v7.0-G-01-10271
10822,RGI2000-v7.0-G-01-10283
10823,RGI2000-v7.0-G-01-10289
10824,RGI2000-v7.0-G-01-10290
10825,RGI2000-v7.0-G-01-10298
10826,RGI2000-v7.0-G-01-10323
10827,RGI2000-v7.0-G-01-10336
10828,RGI2000-v7.0-G-01-10337
10829,RGI2000-v7.0-G-01-10342
10830,RGI2000-v7.0-G-01-10344
10831,RGI2000-v7.0-G-01-10359
10832,RGI2000-v7.0-G-01-10375
10833,RGI2000-v7.0-G-01-10386
10834,RGI2000-v7.0-G-01-10390
10835,RGI2000-v7.0-G-01-10391
10836,RGI2000-v7.0-G-01-10395
10837,RGI2000-v7.0-G-01-10398
10838,RGI2000-v7.0-G-01-10406
10839,RGI2000-v7.0-G-01-10411
10840,RGI2000-v7.0-G-01-10421
10841,RGI2000-v7.0-G-01-10423
10842,RGI2000-v7.0-G-01-10445
10843,RGI2000-v7.0-G-01-10455
10844,RGI2000-v7.0-G-01-10481
10845,RGI2000-v7.0-G-01-10483
10846,RGI2000-v7.0-G-01-10485
10847,RGI2000-v7.0-G-01-10502
10848,RGI2000-v7.0-G-01-10539
10849,RGI2000-v7.0-G-01-10555
10850,RGI2000-v7.0-G-01-10568
10851,RGI2000-v7.0-G-01-10577
10852,RGI2000-v7.0-G-01-10581
10853,RGI2000-v7.0-G-01-10582
10854,RGI2000-v7.0-G-01-10596
10855,RGI2000-v7.0-G-01-10597
10856,RGI2000-v7.0-G-01-10601
10857,RGI2000-v7.0-G-01-10604
10858,RGI2000-v7.0-G-01-10611
10859,RGI2000-v7.0-G-01-10613
10860,RGI2000-v7.0-G-01-10619
10861,RGI2000-v7.0-G-01-10633
10862,RGI2000-v7.0-G-01-10636
10863,RGI2000-v7.0-G-01-10657
10864,RGI2000-v7.0-G-01-10663
10865,RGI2000-v7.0-G-01-10683
10866,RGI2000-v7.0-G-01-10684
10867,RGI2000-v7.0-G-01-10687
10868,RGI2000-v7.0-G-01-10688
10869,RGI2000-v7.0-G-01-10689
10870,RGI2000-v7.0-G-01-10699
10871,RGI2000-v7.0-G-01-10702
10872,RGI2000-v7.0-G-01-10707
10873,RGI2000-v7.0-G-01-10713
10874,RGI2000-v7.0-G-01-10718
10875,RGI2000-v7.0-G-01-10725
10876,RGI2000-v7.0-G-01-10726
10877,RGI2000-v7.0-G-01-10728
10878,RGI2000-v7.0-G-01-10729
10879,RGI2000-v7.0-G-01-10733
10880,RGI2000-v7.0-G-01-10734
10881,RGI2000-v7.0-G-01-10737
10882,RGI2000-v7.0-G-01-10744
10883,RGI2000-v7.0-G-01-10746
10884,RGI2000-v7.0-G-01-10747
10885,RGI2000-v7.0-G-01-10753
10886,RGI2000-v7.0-G-01-10754
10887,RGI2000-v7.0-G-01-10774
10888,RGI2000-v7.0-G-01-10776
10889,RGI2000-v7.0-G-01-10811
10890,RGI2000-v7.0-G-01-10813
10891,RGI2000-v7.0-G-01-10823
10892,RGI2000-v7.0-G-01-10824
10893,RGI2000-v7.0-G-01-10825
10894,RGI2000-v7.0-G-01-10826
10895,RGI2000-v7.0-G-01-10838
10896,RGI2000-v7.0-G-01-10841
10897,RGI2000-v7.0-G-01-10842
10898,RGI2000-v7.0-G-01-10849
10899,RGI2000-v7.0-G-01-10851
10900,RGI2000-v7.0-G-01-10853
10901,RGI2000-v7.0-G-01-10854
10902,RGI2000-v7.0-G-01-10855
10903,RGI2000-v7.0-G-01-10859
10904,RGI2000-v7.0-G-01-10863
10905,RGI2000-v7.0-G-01-10864
10906,RGI2000-v7.0-G-01-10869
10907,RGI2000-v7.0-G-01-10872
10908,RGI2000-v7.0-G-01-10875
10909,RGI2000-v7.0-G-01-10877
10910,RGI2000-v7.0-G-01-10891
10911,RGI2000-v7.0-G-01-10910
10912,RGI2000-v7.0-G-01-10917
10913,RGI2000-v7.0-G-01-10920
10914,RGI2000-v7.0-G-01-10922
10915,RGI2000-v7.0-G-01-10924
10916,RGI2000-v7.0-G-01-10928
10917,RGI2000-v7.0-G-01-10933
10918,RGI2000-v7.0-G-01-10938
10919,RGI2000-v7.0-G-01-10941
10920,RGI2000-v7.0-G-01-10949
10921,RGI2000-v7.0-G-01-10953
10922,RGI2000-v7.0-G-01-10956
10923,RGI2000-v7.0-G-01-10965
10924,RGI2000-v7.0-G-01-10968
10925,RGI2000-v7.0-G-01-10970
10926,RGI2000-v7.0-G-01-10971
10927,RGI2000-v7.0-G-01-10984
10928,RGI2000-v7.0-G-01-11003
10929,RGI2000-v7.0-G-01-11005
10930,RGI2000-v7.0-G-01-11016
10931,RGI2000-v7.0-G-01-11017
10932,RGI2000-v7.0-G-01-11020
10933,RGI2000-v7.0-G-01-11035
10934,RGI2000-v7.0-G-01-11037
10935,RGI2000-v7.0-G-01-11039
10936,RGI2000-v7.0-G-01-11048
10937,RGI2000-v7.0-G-01-11054
10938,RGI2000-v7.0-G-01-11066
10939,RGI2000-v7.0-G-01-11080
10940,RGI2000-v7.0-G-01-11083
10941,RGI2000-v7.0-G-01-11086
10942,RGI2000-v7.0-G-01-11087
10943,RGI2000-v7.0-G-01-11089
10944,RGI2000-v7.0-G-01-11090
10945,RGI2000-v7.0-G-01-11096
10946,RGI2000-v7.0-G-01-11108
10947,RGI2000-v7.0-G-01-11113
10948,RGI2000-v7.0-G-01-11116
10949,RGI2000-v7.0-G-01-11118
10950,RGI2000-v7.0-G-01-11123
10951,RGI2000-v7.0-G-01-11137
10952,RGI2000-v7.0-G-01-11141
10953,RGI2000-v7.0-G-01-11144
10954,RGI2000-v7.0-G-01-11145
10955,RGI2000-v7.0-G-01-11148
10956,RGI2000-v7.0-G-01-11154
10957,RGI2000-v7.0-G-01-11158
10958,RGI2000-v7.0-G-01-11161
10959,RGI2000-v7.0-G-01-11168
10960,RGI2000-v7.0-G-01-11172
10961,RGI2000-v7.0-G-01-11177
10962,RGI2000-v7.0-G-01-11178
10963,RGI2000-v7.0-G-01-11179
10964,RGI2000-v7.0-G-01-11180
10965,RGI2000-v7.0-G-01-11181
10966,RGI2000-v7.0-G-01-11185
10967,RGI2000-v7.0-G-01-11186
10968,RGI2000-v7.0-G-01-11187
10969,RGI2000-v7.0-G-01-11189
10970,RGI2000-v7.0-G-01-11193
10971,RGI2000-v7.0-G-01-11194
10972,RGI2000-v7.0-G-01-11200
10973,RGI2000-v7.0-G-01-11201
10974,RGI2000-v7.0-G-01-11209
10975,RGI2000-v7.0-G-01-11213
10976,RGI2000-v7.0-G-01-11214
10977,RGI2000-v7.0-G-01-11218
10978,RGI2000-v7.0-G-01-11220
10979,RGI2000-v7.0-G-01-11221
10980,RGI2000-v7.0-G-01-11231
10981,RGI2000-v7.0-G-01-11232
10982,RGI2000-v7.0-G-01-11244
10983,RGI2000-v7.0-G-01-11246
10984,RGI2000-v7.0-G-01-11252
10985,RGI2000-v7.0-G-01-11255
10986,RGI2000-v7.0-G-01-11273
10987,RGI2000-v7.0-G-01-11281
10988,RGI2000-v7.0-G-01-11294
10989,RGI2000-v7.0-G-01-11295
10990,RGI2000-v7.0-G-01-11299
10991,RGI2000-v7.0-G-01-11310
10992,RGI2000-v7.0-G-01-11314
10993,RGI2000-v7.0-G-01-11319
10994,RGI2000-v7.0-G-01-11320
10995,RGI2000-v7.0-G-01-11328
10996,RGI2000-v7.0-G-01-11330
10997,RGI2000-v7.0-G-01-11331
10998,RGI2000-v7.0-G-01-11350
10999,RGI2000-v7.0-G-01-11353
11000,RGI2000-v7.0-G-01-11355
11001,RGI2000-v7.0-G-01-11356
11002,RGI2000-v7.0-G-01-11358
11003,RGI2000-v7.0-G-01-11468
11004,RGI2000-v7.0-G-01-11470
11005,RGI2000-v7.0-G-01-11472
11006,RGI2000-v7.0-G-01-11475
11007,RGI2000-v7.0-G-01-11486
11008,RGI2000-v7.0-G-01-11487
11009,RGI2000-v7.0-G-01-11491
11010,RGI2000-v7.0-G-01-11501
11011,RGI2000-v7.0-G-01-11506
11012,RGI2000-v7.0-G-01-11514
11013,RGI2000-v7.0-G-01-11523
11014,RGI2000-v7.0-G-01-11528
11015,RGI2000-v7.0-G-01-11535
11016,RGI2000-v7.0-G-01-11540
11017,RGI2000-v7.0-G-01-11542
11018,RGI2000-v7.0-G-01-11544
11019,RGI2000-v7.0-G-01-11546
11020,RGI2000-v7.0-G-01-11549
11021,RGI2000-v7.0-G-01-11550
11022,RGI2000-v7.0-G-01-11556
11023,RGI2000-v7.0-G-01-11561
11024,RGI2000-v7.0-G-01-11563
11025,RGI2000-v7.0-G-01-11565
11026,RGI2000-v7.0-G-01-11568
11027,RGI2000-v7.0-G-01-11573
11028,RGI2000-v7.0-G-01-11577
11029,RGI2000-v7.0-G-01-11584
11030,RGI2000-v7.0-G-01-11587
11031,RGI2000-v7.0-G-01-11590
11032,RGI2000-v7.0-G-01-11593
11033,RGI2000-v7.0-G-01-11595
11034,RGI2000-v7.0-G-01-11602
11035,RGI2000-v7.0-G-01-11603
11036,RGI2000-v7.0-G-01-11604
11037,RGI2000-v7.0-G-01-11611
11038,RGI2000-v7.0-G-01-11612
11039,RGI2000-v7.0-G-01-11614
11040,RGI2000-v7.0-G-01-11619
11041,RGI2000-v7.0-G-01-11620
11042,RGI2000-v7.0-G-01-11621
11043,RGI2000-v7.0-G-01-11622
11044,RGI2000-v7.0-G-01-11624
11045,RGI2000-v7.0-G-01-11626
11046,RGI2000-v7.0-G-01-11628
11047,RGI2000-v7.0-G-01-11631
11048,RGI2000-v7.0-G-01-11632
11049,RGI2000-v7.0-G-01-11634
11050,RGI2000-v7.0-G-01-11639
11051,RGI2000-v7.0-G-01-11640
11052,RGI2000-v7.0-G-01-11641
11053,RGI2000-v7.0-G-01-11642
11054,RGI2000-v7.0-G-01-11643
11055,RGI2000-v7.0-G-01-11645
11056,RGI2000-v7.0-G-01-11646
11057,RGI2000-v7.0-G-01-11650
11058,RGI2000-v7.0-G-01-11653
11059,RGI2000-v7.0-G-01-11654
11060,RGI2000-v7.0-G-01-11655
11061,RGI2000-v7.0-G-01-11656
11062,RGI2000-v7.0-G-01-11660
11063,RGI2000-v7.0-G-01-11663
11064,RGI2000-v7.0-G-01-11665
11065,RGI2000-v7.0-G-01-11666
11066,RGI2000-v7.0-G-01-11671
11067,RGI2000-v7.0-G-01-11676
11068,RGI2000-v7.0-G-01-11677
11069,RGI2000-v7.0-G-01-11683
11070,RGI2000-v7.0-G-01-11690
11071,RGI2000-v7.0-G-01-11692
11072,RGI2000-v7.0-G-01-11693
11073,RGI2000-v7.0-G-01-11694
11074,RGI2000-v7.0-G-01-11696
11075,RGI2000-v7.0-G-01-11697
11076,RGI2000-v7.0-G-01-11698
11077,RGI2000-v7.0-G-01-11702
11078,RGI2000-v7.0-G-01-11703
11079,RGI2000-v7.0-G-01-11704
11080,RGI2000-v7.0-G-01-11707
11081,RGI2000-v7.0-G-01-11710
11082,RGI2000-v7.0-G-01-11711
11083,RGI2000-v7.0-G-01-11714
11084,RGI2000-v7.0-G-01-11722
11085,RGI2000-v7.0-G-01-11724
11086,RGI2000-v7.0-G-01-11725
11087,RGI2000-v7.0-G-01-11726
11088,RGI2000-v7.0-G-01-11727
11089,RGI2000-v7.0-G-01-11728
11090,RGI2000-v7.0-G-01-11734
11091,RGI2000-v7.0-G-01-11738
11092,RGI2000-v7.0-G-01-11739
11093,RGI2000-v7.0-G-01-11750
11094,RGI2000-v7.0-G-01-11755
11095,RGI2000-v7.0-G-01-11757
11096,RGI2000-v7.0-G-01-11761
11097,RGI2000-v7.0-G-01-11766
11098,RGI2000-v7.0-G-01-11767
11099,RGI2000-v7.0-G-01-11775
11100,RGI2000-v7.0-G-01-11778
11101,RGI2000-v7.0-G-01-11783
11102,RGI2000-v7.0-G-01-11793
11103,RGI2000-v7.0-G-01-11794
11104,RGI2000-v7.0-G-01-11796
11105,RGI2000-v7.0-G-01-11800
11106,RGI2000-v7.0-G-01-11812
11107,RGI2000-v7.0-G-01-11821
11108,RGI2000-v7.0-G-01-11822
11109,RGI2000-v7.0-G-01-11830
11110,RGI2000-v7.0-G-01-11843
11111,RGI2000-v7.0-G-01-11871
11112,RGI2000-v7.0-G-01-11897
11113,RGI2000-v7.0-G-01-11904
11114,RGI2000-v7.0-G-01-11921
11115,RGI2000-v7.0-G-01-11923
11116,RGI2000-v7.0-G-01-11926
11117,RGI2000-v7.0-G-01-11927
11118,RGI2000-v7.0-G-01-11935
11119,RGI2000-v7.0-G-01-11936
11120,RGI2000-v7.0-G-01-11937
11121,RGI2000-v7.0-G-01-11940
11122,RGI2000-v7.0-G-01-11942
11123,RGI2000-v7.0-G-01-11946
11124,RGI2000-v7.0-G-01-11947
11125,RGI2000-v7.0-G-01-11950
11126,RGI2000-v7.0-G-01-11952
11127,RGI2000-v7.0-G-01-11955
11128,RGI2000-v7.0-G-01-11958
11129,RGI2000-v7.0-G-01-11961
11130,RGI2000-v7.0-G-01-11964
11131,RGI2000-v7.0-G-01-11967
11132,RGI2000-v7.0-G-01-11968
11133,RGI2000-v7.0-G-01-11974
11134,RGI2000-v7.0-G-01-11975
11135,RGI2000-v7.0-G-01-11977
11136,RGI2000-v7.0-G-01-11989
11137,RGI2000-v7.0-G-01-12000
11138,RGI2000-v7.0-G-01-12002
11139,RGI2000-v7.0-G-01-12005
11140,RGI2000-v7.0-G-01-12010
11141,RGI2000-v7.0-G-01-12012
11142,RGI2000-v7.0-G-01-12016
11143,RGI2000-v7.0-G-01-12019
11144,RGI2000-v7.0-G-01-12020
11145,RGI2000-v7.0-G-01-12024
11146,RGI2000-v7.0-G-01-12027
11147,RGI2000-v7.0-G-01-12030
11148,RGI2000-v7.0-G-01-12033
11149,RGI2000-v7.0-G-01-12035
11150,RGI2000-v7.0-G-01-12036
11151,RGI2000-v7.0-G-01-12037
11152,RGI2000-v7.0-G-01-12039
11153,RGI2000-v7.0-G-01-12042
11154,RGI2000-v7.0-G-01-12044
11155,RGI2000-v7.0-G-01-12049
11156,RGI2000-v7.0-G-01-12057
11157,RGI2000-v7.0-G-01-12072
11158,RGI2000-v7.0-G-01-12074
11159,RGI2000-v7.0-G-01-12078
11160,RGI2000-v7.0-G-01-12084
11161,RGI2000-v7.0-G-01-12086
11162,RGI2000-v7.0-G-01-12088
11163,RGI2000-v7.0-G-01-12089
11164,RGI2000-v7.0-G-01-12092
11165,RGI2000-v7.0-G-01-12096
11166,RGI2000-v7.0-G-01-12102
11167,RGI2000-v7.0-G-01-12107
11168,RGI2000-v7.0-G-01-12114
11169,RGI2000-v7.0-G-01-12116
11170,RGI2000-v7.0-G-01-12121
11171,RGI2000-v7.0-G-01-12125
11172,RGI2000-v7.0-G-01-12136
11173,RGI2000-v7.0-G-01-12145
11174,RGI2000-v7.0-G-01-12177
11175,RGI2000-v7.0-G-01-12178
11176,RGI2000-v7.0-G-01-12181
11177,RGI2000-v7.0-G-01-12184
11178,RGI2000-v7.0-G-01-12186
11179,RGI2000-v7.0-G-01-12188
11180,RGI2000-v7.0-G-01-12189
11181,RGI2000-v7.0-G-01-12200
11182,RGI2000-v7.0-G-01-12209
11183,RGI2000-v7.0-G-01-12218
11184,RGI2000-v7.0-G-01-12222
11185,RGI2000-v7.0-G-01-12223
11186,RGI2000-v7.0-G-01-12225
11187,RGI2000-v7.0-G-01-12229
11188,RGI2000-v7.0-G-01-12266
11189,RGI2000-v7.0-G-01-12279
11190,RGI2000-v7.0-G-01-12280
11191,RGI2000-v7.0-G-01-12282
11192,RGI2000-v7.0-G-01-12291
11193,RGI2000-v7.0-G-01-12292
11194,RGI2000-v7.0-G-01-12293
11195,RGI2000-v7.0-G-01-12295
11196,RGI2000-v7.0-G-01-12299
11197,RGI2000-v7.0-G-01-12307
11198,RGI2000-v7.0-G-01-12309
11199,RGI2000-v7.0-G-01-12311
11200,RGI2000-v7.0-G-01-12325
11201,RGI2000-v7.0-G-01-12328
11202,RGI2000-v7.0-G-01-12362
11203,RGI2000-v7.0-G-01-12363
11204,RGI2000-v7.0-G-01-12377
11205,RGI2000-v7.0-G-01-12378
11206,RGI2000-v7.0-G-01-12379
11207,RGI2000-v7.0-G-01-12381
11208,RGI2000-v7.0-G-01-12390
11209,RGI2000-v7.0-G-01-12391
11210,RGI2000-v7.0-G-01-12394
11211,RGI2000-v7.0-G-01-12395
11212,RGI2000-v7.0-G-01-12400
11213,RGI2000-v7.0-G-01-12403
11214,RGI2000-v7.0-G-01-12404
11215,RGI2000-v7.0-G-01-12405
11216,RGI2000-v7.0-G-01-12410
11217,RGI2000-v7.0-G-01-12415
11218,RGI2000-v7.0-G-01-12416
11219,RGI2000-v7.0-G-01-12420
11220,RGI2000-v7.0-G-01-12440
11221,RGI2000-v7.0-G-01-12441
11222,RGI2000-v7.0-G-01-12442
11223,RGI2000-v7.0-G-01-12443
11224,RGI2000-v7.0-G-01-12463
11225,RGI2000-v7.0-G-01-12465
11226,RGI2000-v7.0-G-01-12467
11227,RGI2000-v7.0-G-01-12471
11228,RGI2000-v7.0-G-01-12472
11229,RGI2000-v7.0-G-01-12473
11230,RGI2000-v7.0-G-01-12476
11231,RGI2000-v7.0-G-01-12478
11232,RGI2000-v7.0-G-01-12479
11233,RGI2000-v7.0-G-01-12481
11234,RGI2000-v7.0-G-01-12483
11235,RGI2000-v7.0-G-01-12486
11236,RGI2000-v7.0-G-01-12487
11237,RGI2000-v7.0-G-01-12488
11238,RGI2000-v7.0-G-01-12492
11239,RGI2000-v7.0-G-01-12496
11240,RGI2000-v7.0-G-01-12500
11241,RGI2000-v7.0-G-01-12505
11242,RGI2000-v7.0-G-01-12506
11243,RGI2000-v7.0-G-01-12515
11244,RGI2000-v7.0-G-01-12516
11245,RGI2000-v7.0-G-01-12519
11246,RGI2000-v7.0-G-01-12522
11247,RGI2000-v7.0-G-01-12524
11248,RGI2000-v7.0-G-01-12526
11249,RGI2000-v7.0-G-01-12534
11250,RGI2000-v7.0-G-01-12540
11251,RGI2000-v7.0-G-01-12541
11252,RGI2000-v7.0-G-01-12547
11253,RGI2000-v7.0-G-01-12555
11254,RGI2000-v7.0-G-01-12560
11255,RGI2000-v7.0-G-01-12568
11256,RGI2000-v7.0-G-01-12571
11257,RGI2000-v7.0-G-01-12578
11258,RGI2000-v7.0-G-01-12580
11259,RGI2000-v7.0-G-01-12608
11260,RGI2000-v7.0-G-01-12610
11261,RGI2000-v7.0-G-01-12614
11262,RGI2000-v7.0-G-01-12615
11263,RGI2000-v7.0-G-01-12617
11264,RGI2000-v7.0-G-01-12626
11265,RGI2000-v7.0-G-01-12630
11266,RGI2000-v7.0-G-01-12640
11267,RGI2000-v7.0-G-01-12653
11268,RGI2000-v7.0-G-01-12666
11269,RGI2000-v7.0-G-01-12671
11270,RGI2000-v7.0-G-01-12706
11271,RGI2000-v7.0-G-01-12711
11272,RGI2000-v7.0-G-01-12728
11273,RGI2000-v7.0-G-01-12730
11274,RGI2000-v7.0-G-01-12731
11275,RGI2000-v7.0-G-01-12732
11276,RGI2000-v7.0-G-01-12733
11277,RGI2000-v7.0-G-01-12739
11278,RGI2000-v7.0-G-01-12741
11279,RGI2000-v7.0-G-01-12743
11280,RGI2000-v7.0-G-01-12745
11281,RGI2000-v7.0-G-01-12751
11282,RGI2000-v7.0-G-01-12753
11283,RGI2000-v7.0-G-01-12758
11284,RGI2000-v7.0-G-01-12791
11285,RGI2000-v7.0-G-01-12800
11286,RGI2000-v7.0-G-01-12805
11287,RGI2000-v7.0-G-01-12807
11288,RGI2000-v7.0-G-01-12810
11289,RGI2000-v7.0-G-01-12821
11290,RGI2000-v7.0-G-01-12827
11291,RGI2000-v7.0-G-01-12842
11292,RGI2000-v7.0-G-01-12849
11293,RGI2000-v7.0-G-01-12866
11294,RGI2000-v7.0-G-01-12883
11295,RGI2000-v7.0-G-01-12885
11296,RGI2000-v7.0-G-01-12890
11297,RGI2000-v7.0-G-01-12903
11298,RGI2000-v7.0-G-01-12904
11299,RGI2000-v7.0-G-01-12905
11300,RGI2000-v7.0-G-01-12914
11301,RGI2000-v7.0-G-01-12915
11302,RGI2000-v7.0-G-01-12916
11303,RGI2000-v7.0-G-01-12928
11304,RGI2000-v7.0-G-01-12936
11305,RGI2000-v7.0-G-01-12940
11306,RGI2000-v7.0-G-01-12946
11307,RGI2000-v7.0-G-01-12947
11308,RGI2000-v7.0-G-01-12952
11309,RGI2000-v7.0-G-01-12954
11310,RGI2000-v7.0-G-01-12957
11311,RGI2000-v7.0-G-01-12958
11312,RGI2000-v7.0-G-01-12959
11313,RGI2000-v7.0-G-01-12963
11314,RGI2000-v7.0-G-01-12965
11315,RGI2000-v7.0-G-01-12968
11316,RGI2000-v7.0-G-01-12972
11317,RGI2000-v7.0-G-01-12975
11318,RGI2000-v7.0-G-01-12976
11319,RGI2000-v7.0-G-01-12980
11320,RGI2000-v7.0-G-01-12984
11321,RGI2000-v7.0-G-01-12985
11322,RGI2000-v7.0-G-01-12987
11323,RGI2000-v7.0-G-01-12997
11324,RGI2000-v7.0-G-01-13000
11325,RGI2000-v7.0-G-01-13003
11326,RGI2000-v7.0-G-01-13006
11327,RGI2000-v7.0-G-01-13050
11328,RGI2000-v7.0-G-01-13054
11329,RGI2000-v7.0-G-01-13058
11330,RGI2000-v7.0-G-01-13060
11331,RGI2000-v7.0-G-01-13061
11332,RGI2000-v7.0-G-01-13065
11333,RGI2000-v7.0-G-01-13067
11334,RGI2000-v7.0-G-01-13074
11335,RGI2000-v7.0-G-01-13075
11336,RGI2000-v7.0-G-01-13080
11337,RGI2000-v7.0-G-01-13081
11338,RGI2000-v7.0-G-01-13083
11339,RGI2000-v7.0-G-01-13089
11340,RGI2000-v7.0-G-01-13099
11341,RGI2000-v7.0-G-01-13110
11342,RGI2000-v7.0-G-01-13118
11343,RGI2000-v7.0-G-01-13121
11344,RGI2000-v7.0-G-01-13124
11345,RGI2000-v7.0-G-01-13134
11346,RGI2000-v7.0-G-01-13156
11347,RGI2000-v7.0-G-01-13157
11348,RGI2000-v7.0-G-01-13165
11349,RGI2000-v7.0-G-01-13166
11350,RGI2000-v7.0-G-01-13168
11351,RGI2000-v7.0-G-01-13171
11352,RGI2000-v7.0-G-01-13173
11353,RGI2000-v7.0-G-01-13197
11354,RGI2000-v7.0-G-01-13200
11355,RGI2000-v7.0-G-01-13222
11356,RGI2000-v7.0-G-01-13269
11357,RGI2000-v7.0-G-01-13271
11358,RGI2000-v7.0-G-01-13286
11359,RGI2000-v7.0-G-01-13289
11360,RGI2000-v7.0-G-01-13296
11361,RGI2000-v7.0-G-01-13301
11362,RGI2000-v7.0-G-01-13303
11363,RGI2000-v7.0-G-01-13305
11364,RGI2000-v7.0-G-01-13309
11365,RGI2000-v7.0-G-01-13311
11366,RGI2000-v7.0-G-01-13316
11367,RGI2000-v7.0-G-01-13318
11368,RGI2000-v7.0-G-01-13322
11369,RGI2000-v7.0-G-01-13325
11370,RGI2000-v7.0-G-01-13326
11371,RGI2000-v7.0-G-01-13327
11372,RGI2000-v7.0-G-01-13330
11373,RGI2000-v7.0-G-01-13331
11374,RGI2000-v7.0-G-01-13334
11375,RGI2000-v7.0-G-01-13338
11376,RGI2000-v7.0-G-01-13342
11377,RGI2000-v7.0-G-01-13343
11378,RGI2000-v7.0-G-01-13344
11379,RGI2000-v7.0-G-01-13345
11380,RGI2000-v7.0-G-01-13346
11381,RGI2000-v7.0-G-01-13349
11382,RGI2000-v7.0-G-01-13350
11383,RGI2000-v7.0-G-01-13351
11384,RGI2000-v7.0-G-01-13353
11385,RGI2000-v7.0-G-01-13356
11386,RGI2000-v7.0-G-01-13358
11387,RGI2000-v7.0-G-01-13359
11388,RGI2000-v7.0-G-01-13360
11389,RGI2000-v7.0-G-01-13365
11390,RGI2000-v7.0-G-01-13367
11391,RGI2000-v7.0-G-01-13368
11392,RGI2000-v7.0-G-01-13369
11393,RGI2000-v7.0-G-01-13371
11394,RGI2000-v7.0-G-01-13375
11395,RGI2000-v7.0-G-01-13378
11396,RGI2000-v7.0-G-01-13379
11397,RGI2000-v7.0-G-01-13381
11398,RGI2000-v7.0-G-01-13391
11399,RGI2000-v7.0-G-01-13393
11400,RGI2000-v7.0-G-01-13396
11401,RGI2000-v7.0-G-01-13400
11402,RGI2000-v7.0-G-01-13405
11403,RGI2000-v7.0-G-01-13407
11404,RGI2000-v7.0-G-01-13413
11405,RGI2000-v7.0-G-01-13414
11406,RGI2000-v7.0-G-01-13415
11407,RGI2000-v7.0-G-01-13416
11408,RGI2000-v7.0-G-01-13417
11409,RGI2000-v7.0-G-01-13418
11410,RGI2000-v7.0-G-01-13420
11411,RGI2000-v7.0-G-01-13423
11412,RGI2000-v7.0-G-01-13431
11413,RGI2000-v7.0-G-01-13438
11414,RGI2000-v7.0-G-01-13440
11415,RGI2000-v7.0-G-01-13443
11416,RGI2000-v7.0-G-01-13450
11417,RGI2000-v7.0-G-01-13454
11418,RGI2000-v7.0-G-01-13458
11419,RGI2000-v7.0-G-01-13462
11420,RGI2000-v7.0-G-01-13470
11421,RGI2000-v7.0-G-01-13485
11422,RGI2000-v7.0-G-01-13495
11423,RGI2000-v7.0-G-01-13498
11424,RGI2000-v7.0-G-01-13511
11425,RGI2000-v7.0-G-01-13521
11426,RGI2000-v7.0-G-01-13528
11427,RGI2000-v7.0-G-01-13529
11428,RGI2000-v7.0-G-01-13531
11429,RGI2000-v7.0-G-01-13532
11430,RGI2000-v7.0-G-01-13533
11431,RGI2000-v7.0-G-01-13534
11432,RGI2000-v7.0-G-01-13541
11433,RGI2000-v7.0-G-01-13542
11434,RGI2000-v7.0-G-01-13543
11435,RGI2000-v7.0-G-01-13550
11436,RGI2000-v7.0-G-01-13551
11437,RGI2000-v7.0-G-01-13555
11438,RGI2000-v7.0-G-01-13574
11439,RGI2000-v7.0-G-01-13587
11440,RGI2000-v7.0-G-01-13594
11441,RGI2000-v7.0-G-01-13595
11442,RGI2000-v7.0-G-01-13597
11443,RGI2000-v7.0-G-01-13598
11444,RGI2000-v7.0-G-01-13600
11445,RGI2000-v7.0-G-01-13646
11446,RGI2000-v7.0-G-01-13651
11447,RGI2000-v7.0-G-01-13652
11448,RGI2000-v7.0-G-01-13659
11449,RGI2000-v7.0-G-01-13661
11450,RGI2000-v7.0-G-01-13665
11451,RGI2000-v7.0-G-01-13666
11452,RGI2000-v7.0-G-01-13673
11453,RGI2000-v7.0-G-01-13683
11454,RGI2000-v7.0-G-01-13695
11455,RGI2000-v7.0-G-01-13709
11456,RGI2000-v7.0-G-01-13710
11457,RGI2000-v7.0-G-01-13712
11458,RGI2000-v7.0-G-01-13715
11459,RGI2000-v7.0-G-01-13716
11460,RGI2000-v7.0-G-01-13720
11461,RGI2000-v7.0-G-01-13744
11462,RGI2000-v7.0-G-01-13755
11463,RGI2000-v7.0-G-01-13762
11464,RGI2000-v7.0-G-01-13763
11465,RGI2000-v7.0-G-01-13778
11466,RGI2000-v7.0-G-01-13804
11467,RGI2000-v7.0-G-01-13806
11468,RGI2000-v7.0-G-01-13810
11469,RGI2000-v7.0-G-01-13820
11470,RGI2000-v7.0-G-01-13838
11471,RGI2000-v7.0-G-01-13857
11472,RGI2000-v7.0-G-01-13869
11473,RGI2000-v7.0-G-01-13876
11474,RGI2000-v7.0-G-01-13878
11475,RGI2000-v7.0-G-01-13879
11476,RGI2000-v7.0-G-01-13880
11477,RGI2000-v7.0-G-01-13885
11478,RGI2000-v7.0-G-01-13890
11479,RGI2000-v7.0-G-01-13891
11480,RGI2000-v7.0-G-01-13892
11481,RGI2000-v7.0-G-01-13893
11482,RGI2000-v7.0-G-01-13897
11483,RGI2000-v7.0-G-01-13905
11484,RGI2000-v7.0-G-01-13906
11485,RGI2000-v7.0-G-01-13909
11486,RGI2000-v7.0-G-01-13916
11487,RGI2000-v7.0-G-01-13930
11488,RGI2000-v7.0-G-01-13939
11489,RGI2000-v7.0-G-01-13950
11490,RGI2000-v7.0-G-01-13954
11491,RGI2000-v7.0-G-01-13956
11492,RGI2000-v7.0-G-01-13958
11493,RGI2000-v7.0-G-01-13959
11494,RGI2000-v7.0-G-01-13960
11495,RGI2000-v7.0-G-01-13962
11496,RGI2000-v7.0-G-01-13983
11497,RGI2000-v7.0-G-01-13997
11498,RGI2000-v7.0-G-01-14003
11499,RGI2000-v7.0-G-01-14008
11500,RGI2000-v7.0-G-01-14009
11501,RGI2000-v7.0-G-01-14010
11502,RGI2000-v7.0-G-01-14017
11503,RGI2000-v7.0-G-01-14019
11504,RGI2000-v7.0-G-01-14024
11505,RGI2000-v7.0-G-01-14029
11506,RGI2000-v7.0-G-01-14032
11507,RGI2000-v7.0-G-01-14033
11508,RGI2000-v7.0-G-01-14036
11509,RGI2000-v7.0-G-01-14041
11510,RGI2000-v7.0-G-01-14047
11511,RGI2000-v7.0-G-01-14060
11512,RGI2000-v7.0-G-01-14064
11513,RGI2000-v7.0-G-01-14074
11514,RGI2000-v7.0-G-01-14076
11515,RGI2000-v7.0-G-01-14077
11516,RGI2000-v7.0-G-01-14078
11517,RGI2000-v7.0-G-01-14080
11518,RGI2000-v7.0-G-01-14082
11519,RGI2000-v7.0-G-01-14083
11520,RGI2000-v7.0-G-01-14084
11521,RGI2000-v7.0-G-01-14089
11522,RGI2000-v7.0-G-01-14094
11523,RGI2000-v7.0-G-01-14101
11524,RGI2000-v7.0-G-01-14105
11525,RGI2000-v7.0-G-01-14108
11526,RGI2000-v7.0-G-01-14117
11527,RGI2000-v7.0-G-01-14119
11528,RGI2000-v7.0-G-01-14126
11529,RGI2000-v7.0-G-01-14136
11530,RGI2000-v7.0-G-01-14137
11531,RGI2000-v7.0-G-01-14140
11532,RGI2000-v7.0-G-01-14142
11533,RGI2000-v7.0-G-01-14145
11534,RGI2000-v7.0-G-01-14149
11535,RGI2000-v7.0-G-01-14180
11536,RGI2000-v7.0-G-01-14183
11537,RGI2000-v7.0-G-01-14192
11538,RGI2000-v7.0-G-01-14203
11539,RGI2000-v7.0-G-01-14215
11540,RGI2000-v7.0-G-01-14218
11541,RGI2000-v7.0-G-01-14219
11542,RGI2000-v7.0-G-01-14221
11543,RGI2000-v7.0-G-01-14223
11544,RGI2000-v7.0-G-01-14236
11545,RGI2000-v7.0-G-01-14237
11546,RGI2000-v7.0-G-01-14238
11547,RGI2000-v7.0-G-01-14244
11548,RGI2000-v7.0-G-01-14245
11549,RGI2000-v7.0-G-01-14246
11550,RGI2000-v7.0-G-01-14247
11551,RGI2000-v7.0-G-01-14248
11552,RGI2000-v7.0-G-01-14249
11553,RGI2000-v7.0-G-01-14251
11554,RGI2000-v7.0-G-01-14253
11555,RGI2000-v7.0-G-01-14254
11556,RGI2000-v7.0-G-01-14262
11557,RGI2000-v7.0-G-01-14274
11558,RGI2000-v7.0-G-01-14275
11559,RGI2000-v7.0-G-01-14276
11560,RGI2000-v7.0-G-01-14279
11561,RGI2000-v7.0-G-01-14280
11562,RGI2000-v7.0-G-01-14282
11563,RGI2000-v7.0-G-01-14283
11564,RGI2000-v7.0-G-01-14284
11565,RGI2000-v7.0-G-01-14286
11566,RGI2000-v7.0-G-01-14288
11567,RGI2000-v7.0-G-01-14291
11568,RGI2000-v7.0-G-01-14292
11569,RGI2000-v7.0-G-01-14295
11570,RGI2000-v7.0-G-01-14296
11571,RGI2000-v7.0-G-01-14297
11572,RGI2000-v7.0-G-01-14300
11573,RGI2000-v7.0-G-01-14304
11574,RGI2000-v7.0-G-01-14306
11575,RGI2000-v7.0-G-01-14308
11576,RGI2000-v7.0-G-01-14311
11577,RGI2000-v7.0-G-01-14312
11578,RGI2000-v7.0-G-01-14320
11579,RGI2000-v7.0-G-01-14324
11580,RGI2000-v7.0-G-01-14326
11581,RGI2000-v7.0-G-01-14338
11582,RGI2000-v7.0-G-01-14340
11583,RGI2000-v7.0-G-01-14341
11584,RGI2000-v7.0-G-01-14343
11585,RGI2000-v7.0-G-01-14346
11586,RGI2000-v7.0-G-01-14350
11587,RGI2000-v7.0-G-01-14352
11588,RGI2000-v7.0-G-01-14355
11589,RGI2000-v7.0-G-01-14363
11590,RGI2000-v7.0-G-01-14364
11591,RGI2000-v7.0-G-01-14365
11592,RGI2000-v7.0-G-01-14374
11593,RGI2000-v7.0-G-01-14375
11594,RGI2000-v7.0-G-01-14376
11595,RGI2000-v7.0-G-01-14377
11596,RGI2000-v7.0-G-01-14383
11597,RGI2000-v7.0-G-01-14384
11598,RGI2000-v7.0-G-01-14387
11599,RGI2000-v7.0-G-01-14400
11600,RGI2000-v7.0-G-01-14401
11601,RGI2000-v7.0-G-01-14402
11602,RGI2000-v7.0-G-01-14404
11603,RGI2000-v7.0-G-01-14407
11604,RGI2000-v7.0-G-01-14408
11605,RGI2000-v7.0-G-01-14415
11606,RGI2000-v7.0-G-01-14417
11607,RGI2000-v7.0-G-01-14421
11608,RGI2000-v7.0-G-01-14422
11609,RGI2000-v7.0-G-01-14425
11610,RGI2000-v7.0-G-01-14426
11611,RGI2000-v7.0-G-01-14427
11612,RGI2000-v7.0-G-01-14428
11613,RGI2000-v7.0-G-01-14433
11614,RGI2000-v7.0-G-01-14434
11615,RGI2000-v7.0-G-01-14437
11616,RGI2000-v7.0-G-01-14438
11617,RGI2000-v7.0-G-01-14439
11618,RGI2000-v7.0-G-01-14440
11619,RGI2000-v7.0-G-01-14445
11620,RGI2000-v7.0-G-01-14446
11621,RGI2000-v7.0-G-01-14449
11622,RGI2000-v7.0-G-01-14450
11623,RGI2000-v7.0-G-01-14451
11624,RGI2000-v7.0-G-01-14454
11625,RGI2000-v7.0-G-01-14456
11626,RGI2000-v7.0-G-01-14457
11627,RGI2000-v7.0-G-01-14458
11628,RGI2000-v7.0-G-01-14460
11629,RGI2000-v7.0-G-01-14463
11630,RGI2000-v7.0-G-01-14464
11631,RGI2000-v7.0-G-01-14466
11632,RGI2000-v7.0-G-01-14468
11633,RGI2000-v7.0-G-01-14469
11634,RGI2000-v7.0-G-01-14471
11635,RGI2000-v7.0-G-01-14474
11636,RGI2000-v7.0-G-01-14480
11637,RGI2000-v7.0-G-01-14484
11638,RGI2000-v7.0-G-01-14486
11639,RGI2000-v7.0-G-01-14488
11640,RGI2000-v7.0-G-01-14489
11641,RGI2000-v7.0-G-01-14490
11642,RGI2000-v7.0-G-01-14491
11643,RGI2000-v7.0-G-01-14492
11644,RGI2000-v7.0-G-01-14493
11645,RGI2000-v7.0-G-01-14495
11646,RGI2000-v7.0-G-01-14497
11647,RGI2000-v7.0-G-01-14502
11648,RGI2000-v7.0-G-01-14515
11649,RGI2000-v7.0-G-01-14521
11650,RGI2000-v7.0-G-01-14527
11651,RGI2000-v7.0-G-01-14529
11652,RGI2000-v7.0-G-01-14530
11653,RGI2000-v7.0-G-01-14533
11654,RGI2000-v7.0-G-01-14534
11655,RGI2000-v7.0-G-01-14537
11656,RGI2000-v7.0-G-01-14540
11657,RGI2000-v7.0-G-01-14541
11658,RGI2000-v7.0-G-01-14545
11659,RGI2000-v7.0-G-01-14546
11660,RGI2000-v7.0-G-01-14547
11661,RGI2000-v7.0-G-01-14549
11662,RGI2000-v7.0-G-01-14554
11663,RGI2000-v7.0-G-01-14556
11664,RGI2000-v7.0-G-01-14557
11665,RGI2000-v7.0-G-01-14563
11666,RGI2000-v7.0-G-01-14567
11667,RGI2000-v7.0-G-01-14589
11668,RGI2000-v7.0-G-01-14600
11669,RGI2000-v7.0-G-01-14601
11670,RGI2000-v7.0-G-01-14607
11671,RGI2000-v7.0-G-01-14609
11672,RGI2000-v7.0-G-01-14611
11673,RGI2000-v7.0-G-01-14612
11674,RGI2000-v7.0-G-01-14614
11675,RGI2000-v7.0-G-01-14616
11676,RGI2000-v7.0-G-01-14618
11677,RGI2000-v7.0-G-01-14623
11678,RGI2000-v7.0-G-01-14624
11679,RGI2000-v7.0-G-01-14630
11680,RGI2000-v7.0-G-01-14632
11681,RGI2000-v7.0-G-01-14634
11682,RGI2000-v7.0-G-01-14636
11683,RGI2000-v7.0-G-01-14646
11684,RGI2000-v7.0-G-01-14656
11685,RGI2000-v7.0-G-01-14658
11686,RGI2000-v7.0-G-01-14662
11687,RGI2000-v7.0-G-01-14664
11688,RGI2000-v7.0-G-01-14665
11689,RGI2000-v7.0-G-01-14667
11690,RGI2000-v7.0-G-01-14670
11691,RGI2000-v7.0-G-01-14671
11692,RGI2000-v7.0-G-01-14682
11693,RGI2000-v7.0-G-01-14684
11694,RGI2000-v7.0-G-01-14691
11695,RGI2000-v7.0-G-01-14694
11696,RGI2000-v7.0-G-01-14695
11697,RGI2000-v7.0-G-01-14696
11698,RGI2000-v7.0-G-01-14700
11699,RGI2000-v7.0-G-01-14702
11700,RGI2000-v7.0-G-01-14711
11701,RGI2000-v7.0-G-01-14714
11702,RGI2000-v7.0-G-01-14715
11703,RGI2000-v7.0-G-01-14716
11704,RGI2000-v7.0-G-01-14718
11705,RGI2000-v7.0-G-01-14719
11706,RGI2000-v7.0-G-01-14721
11707,RGI2000-v7.0-G-01-14726
11708,RGI2000-v7.0-G-01-14733
11709,RGI2000-v7.0-G-01-14739
11710,RGI2000-v7.0-G-01-14741
11711,RGI2000-v7.0-G-01-14748
11712,RGI2000-v7.0-G-01-14752
11713,RGI2000-v7.0-G-01-14755
11714,RGI2000-v7.0-G-01-14761
11715,RGI2000-v7.0-G-01-14767
11716,RGI2000-v7.0-G-01-14769
11717,RGI2000-v7.0-G-01-14773
11718,RGI2000-v7.0-G-01-14774
11719,RGI2000-v7.0-G-01-14776
11720,RGI2000-v7.0-G-01-14779
11721,RGI2000-v7.0-G-01-14793
11722,RGI2000-v7.0-G-01-14794
11723,RGI2000-v7.0-G-01-14801
11724,RGI2000-v7.0-G-01-14802
11725,RGI2000-v7.0-G-01-14804
11726,RGI2000-v7.0-G-01-14809
11727,RGI2000-v7.0-G-01-14814
11728,RGI2000-v7.0-G-01-14816
11729,RGI2000-v7.0-G-01-14817
11730,RGI2000-v7.0-G-01-14822
11731,RGI2000-v7.0-G-01-14826
11732,RGI2000-v7.0-G-01-14827
11733,RGI2000-v7.0-G-01-14830
11734,RGI2000-v7.0-G-01-14833
11735,RGI2000-v7.0-G-01-14840
11736,RGI2000-v7.0-G-01-14844
11737,RGI2000-v7.0-G-01-14859
11738,RGI2000-v7.0-G-01-14865
11739,RGI2000-v7.0-G-01-14874
11740,RGI2000-v7.0-G-01-14881
11741,RGI2000-v7.0-G-01-14899
11742,RGI2000-v7.0-G-01-14900
11743,RGI2000-v7.0-G-01-14906
11744,RGI2000-v7.0-G-01-14907
11745,RGI2000-v7.0-G-01-14910
11746,RGI2000-v7.0-G-01-14915
11747,RGI2000-v7.0-G-01-14920
11748,RGI2000-v7.0-G-01-14939
11749,RGI2000-v7.0-G-01-14944
11750,RGI2000-v7.0-G-01-14945
11751,RGI2000-v7.0-G-01-14946
11752,RGI2000-v7.0-G-01-14947
11753,RGI2000-v7.0-G-01-14948
11754,RGI2000-v7.0-G-01-14949
11755,RGI2000-v7.0-G-01-14954
11756,RGI2000-v7.0-G-01-14962
11757,RGI2000-v7.0-G-01-14964
11758,RGI2000-v7.0-G-01-14965
11759,RGI2000-v7.0-G-01-14970
11760,RGI2000-v7.0-G-01-14979
11761,RGI2000-v7.0-G-01-14984
11762,RGI2000-v7.0-G-01-14991
11763,RGI2000-v7.0-G-01-15001
11764,RGI2000-v7.0-G-01-15002
11765,RGI2000-v7.0-G-01-15008
11766,RGI2000-v7.0-G-01-15012
11767,RGI2000-v7.0-G-01-15024
11768,RGI2000-v7.0-G-01-15025
11769,RGI2000-v7.0-G-01-15037
11770,RGI2000-v7.0-G-01-15038
11771,RGI2000-v7.0-G-01-15097
11772,RGI2000-v7.0-G-01-15102
11773,RGI2000-v7.0-G-01-15106
11774,RGI2000-v7.0-G-01-15108
11775,RGI2000-v7.0-G-01-15126
11776,RGI2000-v7.0-G-01-15127
11777,RGI2000-v7.0-G-01-15132
11778,RGI2000-v7.0-G-01-15133
11779,RGI2000-v7.0-G-01-15134
11780,RGI2000-v7.0-G-01-15135
11781,RGI2000-v7.0-G-01-15138
11782,RGI2000-v7.0-G-01-15139
11783,RGI2000-v7.0-G-01-15149
11784,RGI2000-v7.0-G-01-15150
11785,RGI2000-v7.0-G-01-15155
11786,RGI2000-v7.0-G-01-15156
11787,RGI2000-v7.0-G-01-15159
11788,RGI2000-v7.0-G-01-15160
11789,RGI2000-v7.0-G-01-15169
11790,RGI2000-v7.0-G-01-15172
11791,RGI2000-v7.0-G-01-15184
11792,RGI2000-v7.0-G-01-15193
11793,RGI2000-v7.0-G-01-15196
11794,RGI2000-v7.0-G-01-15197
11795,RGI2000-v7.0-G-01-15198
11796,RGI2000-v7.0-G-01-15199
11797,RGI2000-v7.0-G-01-15207
11798,RGI2000-v7.0-G-01-15211
11799,RGI2000-v7.0-G-01-15219
11800,RGI2000-v7.0-G-01-15220
11801,RGI2000-v7.0-G-01-15228
11802,RGI2000-v7.0-G-01-15230
11803,RGI2000-v7.0-G-01-15252
11804,RGI2000-v7.0-G-01-15255
11805,RGI2000-v7.0-G-01-15261
11806,RGI2000-v7.0-G-01-15271
11807,RGI2000-v7.0-G-01-15274
11808,RGI2000-v7.0-G-01-15279
11809,RGI2000-v7.0-G-01-15286
11810,RGI2000-v7.0-G-01-15290
11811,RGI2000-v7.0-G-01-15293
11812,RGI2000-v7.0-G-01-15295
11813,RGI2000-v7.0-G-01-15309
11814,RGI2000-v7.0-G-01-15321
11815,RGI2000-v7.0-G-01-15323
11816,RGI2000-v7.0-G-01-15336
11817,RGI2000-v7.0-G-01-15351
11818,RGI2000-v7.0-G-01-15357
11819,RGI2000-v7.0-G-01-15373
11820,RGI2000-v7.0-G-01-15378
11821,RGI2000-v7.0-G-01-15381
11822,RGI2000-v7.0-G-01-15382
11823,RGI2000-v7.0-G-01-15391
11824,RGI2000-v7.0-G-01-15394
11825,RGI2000-v7.0-G-01-15417
11826,RGI2000-v7.0-G-01-15418
11827,RGI2000-v7.0-G-01-15428
11828,RGI2000-v7.0-G-01-15433
11829,RGI2000-v7.0-G-01-15434
11830,RGI2000-v7.0-G-01-15442
11831,RGI2000-v7.0-G-01-15449
11832,RGI2000-v7.0-G-01-15469
11833,RGI2000-v7.0-G-01-15488
11834,RGI2000-v7.0-G-01-15493
11835,RGI2000-v7.0-G-01-15494
11836,RGI2000-v7.0-G-01-15498
11837,RGI2000-v7.0-G-01-15503
11838,RGI2000-v7.0-G-01-15505
11839,RGI2000-v7.0-G-01-15508
11840,RGI2000-v7.0-G-01-15509
11841,RGI2000-v7.0-G-01-15524
11842,RGI2000-v7.0-G-01-15526
11843,RGI2000-v7.0-G-01-15552
11844,RGI2000-v7.0-G-01-15555
11845,RGI2000-v7.0-G-01-15557
11846,RGI2000-v7.0-G-01-15561
11847,RGI2000-v7.0-G-01-15565
11848,RGI2000-v7.0-G-01-15572
11849,RGI2000-v7.0-G-01-15573
11850,RGI2000-v7.0-G-01-15575
11851,RGI2000-v7.0-G-01-15577
11852,RGI2000-v7.0-G-01-15578
11853,RGI2000-v7.0-G-01-15579
11854,RGI2000-v7.0-G-01-15587
11855,RGI2000-v7.0-G-01-15588
11856,RGI2000-v7.0-G-01-15591
11857,RGI2000-v7.0-G-01-15603
11858,RGI2000-v7.0-G-01-15607
11859,RGI2000-v7.0-G-01-15615
11860,RGI2000-v7.0-G-01-15620
11861,RGI2000-v7.0-G-01-15626
11862,RGI2000-v7.0-G-01-15628
11863,RGI2000-v7.0-G-01-15629
11864,RGI2000-v7.0-G-01-15631
11865,RGI2000-v7.0-G-01-15632
11866,RGI2000-v7.0-G-01-15637
11867,RGI2000-v7.0-G-01-15643
11868,RGI2000-v7.0-G-01-15645
11869,RGI2000-v7.0-G-01-15647
11870,RGI2000-v7.0-G-01-15654
11871,RGI2000-v7.0-G-01-15658
11872,RGI2000-v7.0-G-01-15664
11873,RGI2000-v7.0-G-01-15668
11874,RGI2000-v7.0-G-01-15669
11875,RGI2000-v7.0-G-01-15672
11876,RGI2000-v7.0-G-01-15677
11877,RGI2000-v7.0-G-01-15680
11878,RGI2000-v7.0-G-01-15688
11879,RGI2000-v7.0-G-01-15692
11880,RGI2000-v7.0-G-01-15697
11881,RGI2000-v7.0-G-01-15704
11882,RGI2000-v7.0-G-01-15706
11883,RGI2000-v7.0-G-01-15725
11884,RGI2000-v7.0-G-01-15728
11885,RGI2000-v7.0-G-01-15732
11886,RGI2000-v7.0-G-01-15749
11887,RGI2000-v7.0-G-01-15754
11888,RGI2000-v7.0-G-01-15756
11889,RGI2000-v7.0-G-01-15760
11890,RGI2000-v7.0-G-01-15763
11891,RGI2000-v7.0-G-01-15764
11892,RGI2000-v7.0-G-01-15771
11893,RGI2000-v7.0-G-01-15776
11894,RGI2000-v7.0-G-01-15782
11895,RGI2000-v7.0-G-01-15797
11896,RGI2000-v7.0-G-01-15798
11897,RGI2000-v7.0-G-01-15802
11898,RGI2000-v7.0-G-01-15804
11899,RGI2000-v7.0-G-01-15809
11900,RGI2000-v7.0-G-01-15831
11901,RGI2000-v7.0-G-01-15835
11902,RGI2000-v7.0-G-01-15839
11903,RGI2000-v7.0-G-01-15841
11904,RGI2000-v7.0-G-01-15843
11905,RGI2000-v7.0-G-01-15845
11906,RGI2000-v7.0-G-01-15847
11907,RGI2000-v7.0-G-01-15851
11908,RGI2000-v7.0-G-01-15854
11909,RGI2000-v7.0-G-01-15859
11910,RGI2000-v7.0-G-01-15860
11911,RGI2000-v7.0-G-01-15862
11912,RGI2000-v7.0-G-01-15864
11913,RGI2000-v7.0-G-01-15904
11914,RGI2000-v7.0-G-01-15913
11915,RGI2000-v7.0-G-01-15914
11916,RGI2000-v7.0-G-01-15928
11917,RGI2000-v7.0-G-01-15929
11918,RGI2000-v7.0-G-01-15980
11919,RGI2000-v7.0-G-01-15981
11920,RGI2000-v7.0-G-01-15982
11921,RGI2000-v7.0-G-01-15992
11922,RGI2000-v7.0-G-01-16001
11923,RGI2000-v7.0-G-01-16002
11924,RGI2000-v7.0-G-01-16006
11925,RGI2000-v7.0-G-01-16007
11926,RGI2000-v7.0-G-01-16017
11927,RGI2000-v7.0-G-01-16034
11928,RGI2000-v7.0-G-01-16036
11929,RGI2000-v7.0-G-01-16042
11930,RGI2000-v7.0-G-01-16043
11931,RGI2000-v7.0-G-01-16048
11932,RGI2000-v7.0-G-01-16049
11933,RGI2000-v7.0-G-01-16050
11934,RGI2000-v7.0-G-01-16059
11935,RGI2000-v7.0-G-01-16062
11936,RGI2000-v7.0-G-01-16067
11937,RGI2000-v7.0-G-01-16081
11938,RGI2000-v7.0-G-01-16086
11939,RGI2000-v7.0-G-01-16094
11940,RGI2000-v7.0-G-01-16099
11941,RGI2000-v7.0-G-01-16105
11942,RGI2000-v7.0-G-01-16113
11943,RGI2000-v7.0-G-01-16116
11944,RGI2000-v7.0-G-01-16117
11945,RGI2000-v7.0-G-01-16121
11946,RGI2000-v7.0-G-01-16122
11947,RGI2000-v7.0-G-01-16128
11948,RGI2000-v7.0-G-01-16129
11949,RGI2000-v7.0-G-01-16138
11950,RGI2000-v7.0-G-01-16140
11951,RGI2000-v7.0-G-01-16141
11952,RGI2000-v7.0-G-01-16144
11953,RGI2000-v7.0-G-01-16147
11954,RGI2000-v7.0-G-01-16149
11955,RGI2000-v7.0-G-01-16153
11956,RGI2000-v7.0-G-01-16157
11957,RGI2000-v7.0-G-01-16168
11958,RGI2000-v7.0-G-01-16174
11959,RGI2000-v7.0-G-01-16177
11960,RGI2000-v7.0-G-01-16178
11961,RGI2000-v7.0-G-01-16181
11962,RGI2000-v7.0-G-01-16183
11963,RGI2000-v7.0-G-01-16187
11964,RGI2000-v7.0-G-01-16188
11965,RGI2000-v7.0-G-01-16194
11966,RGI2000-v7.0-G-01-16196
11967,RGI2000-v7.0-G-01-16198
11968,RGI2000-v7.0-G-01-16200
11969,RGI2000-v7.0-G-01-16202
11970,RGI2000-v7.0-G-01-16204
11971,RGI2000-v7.0-G-01-16206
11972,RGI2000-v7.0-G-01-16207
11973,RGI2000-v7.0-G-01-16208
11974,RGI2000-v7.0-G-01-16210
11975,RGI2000-v7.0-G-01-16211
11976,RGI2000-v7.0-G-01-16212
11977,RGI2000-v7.0-G-01-16213
11978,RGI2000-v7.0-G-01-16216
11979,RGI2000-v7.0-G-01-16218
11980,RGI2000-v7.0-G-01-16219
11981,RGI2000-v7.0-G-01-16220
11982,RGI2000-v7.0-G-01-16222
11983,RGI2000-v7.0-G-01-16227
11984,RGI2000-v7.0-G-01-16229
11985,RGI2000-v7.0-G-01-16230
11986,RGI2000-v7.0-G-01-16231
11987,RGI2000-v7.0-G-01-16232
11988,RGI2000-v7.0-G-01-16233
11989,RGI2000-v7.0-G-01-16234
11990,RGI2000-v7.0-G-01-16236
11991,RGI2000-v7.0-G-01-16242
11992,RGI2000-v7.0-G-01-16243
11993,RGI2000-v7.0-G-01-16244
11994,RGI2000-v7.0-G-01-16245
11995,RGI2000-v7.0-G-01-16246
11996,RGI2000-v7.0-G-01-16250
11997,RGI2000-v7.0-G-01-16268
11998,RGI2000-v7.0-G-01-16276
11999,RGI2000-v7.0-G-01-16279
12000,RGI2000-v7.0-G-01-16280
12001,RGI2000-v7.0-G-01-16288
12002,RGI2000-v7.0-G-01-16302
12003,RGI2000-v7.0-G-01-16303
12004,RGI2000-v7.0-G-01-16307
12005,RGI2000-v7.0-G-01-16312
12006,RGI2000-v7.0-G-01-16314
12007,RGI2000-v7.0-G-01-16317
12008,RGI2000-v7.0-G-01-16323
12009,RGI2000-v7.0-G-01-16326
12010,RGI2000-v7.0-G-01-16327
12011,RGI2000-v7.0-G-01-16332
12012,RGI2000-v7.0-G-01-16341
12013,RGI2000-v7.0-G-01-16346
12014,RGI2000-v7.0-G-01-16350
12015,RGI2000-v7.0-G-01-16351
12016,RGI2000-v7.0-G-01-16372
12017,RGI2000-v7.0-G-01-16379
12018,RGI2000-v7.0-G-01-16399
12019,RGI2000-v7.0-G-01-16406
12020,RGI2000-v7.0-G-01-16413
12021,RGI2000-v7.0-G-01-16420
12022,RGI2000-v7.0-G-01-16431
12023,RGI2000-v7.0-G-01-16434
12024,RGI2000-v7.0-G-01-16437
12025,RGI2000-v7.0-G-01-16444
12026,RGI2000-v7.0-G-01-16457
12027,RGI2000-v7.0-G-01-16463
12028,RGI2000-v7.0-G-01-16464
12029,RGI2000-v7.0-G-01-16468
12030,RGI2000-v7.0-G-01-16477
12031,RGI2000-v7.0-G-01-16485
12032,RGI2000-v7.0-G-01-16486
12033,RGI2000-v7.0-G-01-16515
12034,RGI2000-v7.0-G-01-16531
12035,RGI2000-v7.0-G-01-16532
12036,RGI2000-v7.0-G-01-16534
12037,RGI2000-v7.0-G-01-16535
12038,RGI2000-v7.0-G-01-16536
12039,RGI2000-v7.0-G-01-16537
12040,RGI2000-v7.0-G-01-16540
12041,RGI2000-v7.0-G-01-16541
12042,RGI2000-v7.0-G-01-16542
12043,RGI2000-v7.0-G-01-16545
12044,RGI2000-v7.0-G-01-16554
12045,RGI2000-v7.0-G-01-16556
12046,RGI2000-v7.0-G-01-16569
12047,RGI2000-v7.0-G-01-16572
12048,RGI2000-v7.0-G-01-16591
12049,RGI2000-v7.0-G-01-16593
12050,RGI2000-v7.0-G-01-16618
12051,RGI2000-v7.0-G-01-16620
12052,RGI2000-v7.0-G-01-16631
12053,RGI2000-v7.0-G-01-16649
12054,RGI2000-v7.0-G-01-16657
12055,RGI2000-v7.0-G-01-16664
12056,RGI2000-v7.0-G-01-16669
12057,RGI2000-v7.0-G-01-16677
12058,RGI2000-v7.0-G-01-16680
12059,RGI2000-v7.0-G-01-16681
12060,RGI2000-v7.0-G-01-16684
12061,RGI2000-v7.0-G-01-16686
12062,RGI2000-v7.0-G-01-16688
12063,RGI2000-v7.0-G-01-16689
12064,RGI2000-v7.0-G-01-16691
12065,RGI2000-v7.0-G-01-16695
12066,RGI2000-v7.0-G-01-16696
12067,RGI2000-v7.0-G-01-16701
12068,RGI2000-v7.0-G-01-16702
12069,RGI2000-v7.0-G-01-16705
12070,RGI2000-v7.0-G-01-16706
12071,RGI2000-v7.0-G-01-16707
12072,RGI2000-v7.0-G-01-16708
12073,RGI2000-v7.0-G-01-16709
12074,RGI2000-v7.0-G-01-16725
12075,RGI2000-v7.0-G-01-16735
12076,RGI2000-v7.0-G-01-16745
12077,RGI2000-v7.0-G-01-16753
12078,RGI2000-v7.0-G-01-16754
12079,RGI2000-v7.0-G-01-16755
12080,RGI2000-v7.0-G-01-16756
12081,RGI2000-v7.0-G-01-16759
12082,RGI2000-v7.0-G-01-16766
12083,RGI2000-v7.0-G-01-16767
12084,RGI2000-v7.0-G-01-16768
12085,RGI2000-v7.0-G-01-16784
12086,RGI2000-v7.0-G-01-16789
12087,RGI2000-v7.0-G-01-16792
12088,RGI2000-v7.0-G-01-16793
12089,RGI2000-v7.0-G-01-16797
12090,RGI2000-v7.0-G-01-16798
12091,RGI2000-v7.0-G-01-16807
12092,RGI2000-v7.0-G-01-16808
12093,RGI2000-v7.0-G-01-16811
12094,RGI2000-v7.0-G-01-16813
12095,RGI2000-v7.0-G-01-16822
12096,RGI2000-v7.0-G-01-16831
12097,RGI2000-v7.0-G-01-16842
12098,RGI2000-v7.0-G-01-16847
12099,RGI2000-v7.0-G-01-16851
12100,RGI2000-v7.0-G-01-16864
12101,RGI2000-v7.0-G-01-16865
12102,RGI2000-v7.0-G-01-16869
12103,RGI2000-v7.0-G-01-16871
12104,RGI2000-v7.0-G-01-16873
12105,RGI2000-v7.0-G-01-16882
12106,RGI2000-v7.0-G-01-16884
12107,RGI2000-v7.0-G-01-16889
12108,RGI2000-v7.0-G-01-16890
12109,RGI2000-v7.0-G-01-16900
12110,RGI2000-v7.0-G-01-16905
12111,RGI2000-v7.0-G-01-16909
12112,RGI2000-v7.0-G-01-16911
12113,RGI2000-v7.0-G-01-16914
12114,RGI2000-v7.0-G-01-16918
12115,RGI2000-v7.0-G-01-16923
12116,RGI2000-v7.0-G-01-16924
12117,RGI2000-v7.0-G-01-16925
12118,RGI2000-v7.0-G-01-16928
12119,RGI2000-v7.0-G-01-16931
12120,RGI2000-v7.0-G-01-16932
12121,RGI2000-v7.0-G-01-16935
12122,RGI2000-v7.0-G-01-16936
12123,RGI2000-v7.0-G-01-16939
12124,RGI2000-v7.0-G-01-16941
12125,RGI2000-v7.0-G-01-16943
12126,RGI2000-v7.0-G-01-16944
12127,RGI2000-v7.0-G-01-16945
12128,RGI2000-v7.0-G-01-16947
12129,RGI2000-v7.0-G-01-16948
12130,RGI2000-v7.0-G-01-16949
12131,RGI2000-v7.0-G-01-16951
12132,RGI2000-v7.0-G-01-16960
12133,RGI2000-v7.0-G-01-16966
12134,RGI2000-v7.0-G-01-16978
12135,RGI2000-v7.0-G-01-16980
12136,RGI2000-v7.0-G-01-16987
12137,RGI2000-v7.0-G-01-16993
12138,RGI2000-v7.0-G-01-16995
12139,RGI2000-v7.0-G-01-16996
12140,RGI2000-v7.0-G-01-17002
12141,RGI2000-v7.0-G-01-17004
12142,RGI2000-v7.0-G-01-17016
12143,RGI2000-v7.0-G-01-17018
12144,RGI2000-v7.0-G-01-17022
12145,RGI2000-v7.0-G-01-17028
12146,RGI2000-v7.0-G-01-17031
12147,RGI2000-v7.0-G-01-17037
12148,RGI2000-v7.0-G-01-17040
12149,RGI2000-v7.0-G-01-17044
12150,RGI2000-v7.0-G-01-17045
12151,RGI2000-v7.0-G-01-17047
12152,RGI2000-v7.0-G-01-17051
12153,RGI2000-v7.0-G-01-17052
12154,RGI2000-v7.0-G-01-17065
12155,RGI2000-v7.0-G-01-17066
12156,RGI2000-v7.0-G-01-17086
12157,RGI2000-v7.0-G-01-17090
12158,RGI2000-v7.0-G-01-17092
12159,RGI2000-v7.0-G-01-17094
12160,RGI2000-v7.0-G-01-17100
12161,RGI2000-v7.0-G-01-17106
12162,RGI2000-v7.0-G-01-17108
12163,RGI2000-v7.0-G-01-17115
12164,RGI2000-v7.0-G-01-17126
12165,RGI2000-v7.0-G-01-17127
12166,RGI2000-v7.0-G-01-17128
12167,RGI2000-v7.0-G-01-17129
12168,RGI2000-v7.0-G-01-17130
12169,RGI2000-v7.0-G-01-17131
12170,RGI2000-v7.0-G-01-17135
12171,RGI2000-v7.0-G-01-17136
12172,RGI2000-v7.0-G-01-17137
12173,RGI2000-v7.0-G-01-17140
12174,RGI2000-v7.0-G-01-17141
12175,RGI2000-v7.0-G-01-17144
12176,RGI2000-v7.0-G-01-17145
12177,RGI2000-v7.0-G-01-17153
12178,RGI2000-v7.0-G-01-17155
12179,RGI2000-v7.0-G-01-17157
12180,RGI2000-v7.0-G-01-17158
12181,RGI2000-v7.0-G-01-17159
12182,RGI2000-v7.0-G-01-17161
12183,RGI2000-v7.0-G-01-17162
12184,RGI2000-v7.0-G-01-17166
12185,RGI2000-v7.0-G-01-17169
12186,RGI2000-v7.0-G-01-17173
12187,RGI2000-v7.0-G-01-17178
12188,RGI2000-v7.0-G-01-17179
12189,RGI2000-v7.0-G-01-17181
12190,RGI2000-v7.0-G-01-17189
12191,RGI2000-v7.0-G-01-17199
12192,RGI2000-v7.0-G-01-17221
12193,RGI2000-v7.0-G-01-17223
12194,RGI2000-v7.0-G-01-17226
12195,RGI2000-v7.0-G-01-17229
12196,RGI2000-v7.0-G-01-17232
12197,RGI2000-v7.0-G-01-17239
12198,RGI2000-v7.0-G-01-17243
12199,RGI2000-v7.0-G-01-17248
12200,RGI2000-v7.0-G-01-17260
12201,RGI2000-v7.0-G-01-17262
12202,RGI2000-v7.0-G-01-17266
12203,RGI2000-v7.0-G-01-17268
12204,RGI2000-v7.0-G-01-17270
12205,RGI2000-v7.0-G-01-17271
12206,RGI2000-v7.0-G-01-17272
12207,RGI2000-v7.0-G-01-17284
12208,RGI2000-v7.0-G-01-17285
12209,RGI2000-v7.0-G-01-17286
12210,RGI2000-v7.0-G-01-17292
12211,RGI2000-v7.0-G-01-17294
12212,RGI2000-v7.0-G-01-17298
12213,RGI2000-v7.0-G-01-17302
12214,RGI2000-v7.0-G-01-17304
12215,RGI2000-v7.0-G-01-17305
12216,RGI2000-v7.0-G-01-17311
12217,RGI2000-v7.0-G-01-17320
12218,RGI2000-v7.0-G-01-17321
12219,RGI2000-v7.0-G-01-17325
12220,RGI2000-v7.0-G-01-17327
12221,RGI2000-v7.0-G-01-17328
12222,RGI2000-v7.0-G-01-17334
12223,RGI2000-v7.0-G-01-17335
12224,RGI2000-v7.0-G-01-17336
12225,RGI2000-v7.0-G-01-17341
12226,RGI2000-v7.0-G-01-17343
12227,RGI2000-v7.0-G-01-17352
12228,RGI2000-v7.0-G-01-17357
12229,RGI2000-v7.0-G-01-17360
12230,RGI2000-v7.0-G-01-17362
12231,RGI2000-v7.0-G-01-17363
12232,RGI2000-v7.0-G-01-17364
12233,RGI2000-v7.0-G-01-17365
12234,RGI2000-v7.0-G-01-17373
12235,RGI2000-v7.0-G-01-17375
12236,RGI2000-v7.0-G-01-17381
12237,RGI2000-v7.0-G-01-17391
12238,RGI2000-v7.0-G-01-17396
12239,RGI2000-v7.0-G-01-17399
12240,RGI2000-v7.0-G-01-17406
12241,RGI2000-v7.0-G-01-17409
12242,RGI2000-v7.0-G-01-17413
12243,RGI2000-v7.0-G-01-17416
12244,RGI2000-v7.0-G-01-17422
12245,RGI2000-v7.0-G-01-17425
12246,RGI2000-v7.0-G-01-17433
12247,RGI2000-v7.0-G-01-17452
12248,RGI2000-v7.0-G-01-17461
12249,RGI2000-v7.0-G-01-17467
12250,RGI2000-v7.0-G-01-17470
12251,RGI2000-v7.0-G-01-17491
12252,RGI2000-v7.0-G-01-17494
12253,RGI2000-v7.0-G-01-17495
12254,RGI2000-v7.0-G-01-17496
12255,RGI2000-v7.0-G-01-17498
12256,RGI2000-v7.0-G-01-17499
12257,RGI2000-v7.0-G-01-17502
12258,RGI2000-v7.0-G-01-17505
12259,RGI2000-v7.0-G-01-17514
12260,RGI2000-v7.0-G-01-17516
12261,RGI2000-v7.0-G-01-17535
12262,RGI2000-v7.0-G-01-17536
12263,RGI2000-v7.0-G-01-17537
12264,RGI2000-v7.0-G-01-17541
12265,RGI2000-v7.0-G-01-17542
12266,RGI2000-v7.0-G-01-17545
12267,RGI2000-v7.0-G-01-17555
12268,RGI2000-v7.0-G-01-17570
12269,RGI2000-v7.0-G-01-17571
12270,RGI2000-v7.0-G-01-17572
12271,RGI2000-v7.0-G-01-17573
12272,RGI2000-v7.0-G-01-17575
12273,RGI2000-v7.0-G-01-17579
12274,RGI2000-v7.0-G-01-17582
12275,RGI2000-v7.0-G-01-17591
12276,RGI2000-v7.0-G-01-17598
12277,RGI2000-v7.0-G-01-17599
12278,RGI2000-v7.0-G-01-17600
12279,RGI2000-v7.0-G-01-17601
12280,RGI2000-v7.0-G-01-17603
12281,RGI2000-v7.0-G-01-17609
12282,RGI2000-v7.0-G-01-17611
12283,RGI2000-v7.0-G-01-17616
12284,RGI2000-v7.0-G-01-17623
12285,RGI2000-v7.0-G-01-17628
12286,RGI2000-v7.0-G-01-17632
12287,RGI2000-v7.0-G-01-17637
12288,RGI2000-v7.0-G-01-17641
12289,RGI2000-v7.0-G-01-17643
12290,RGI2000-v7.0-G-01-17645
12291,RGI2000-v7.0-G-01-17648
12292,RGI2000-v7.0-G-01-17659
12293,RGI2000-v7.0-G-01-17661
12294,RGI2000-v7.0-G-01-17692
12295,RGI2000-v7.0-G-01-17694
12296,RGI2000-v7.0-G-01-17708
12297,RGI2000-v7.0-G-01-17713
12298,RGI2000-v7.0-G-01-17716
12299,RGI2000-v7.0-G-01-17732
12300,RGI2000-v7.0-G-01-17734
12301,RGI2000-v7.0-G-01-17736
12302,RGI2000-v7.0-G-01-17756
12303,RGI2000-v7.0-G-01-17758
12304,RGI2000-v7.0-G-01-17776
12305,RGI2000-v7.0-G-01-17778
12306,RGI2000-v7.0-G-01-17779
12307,RGI2000-v7.0-G-01-17815
12308,RGI2000-v7.0-G-01-17819
12309,RGI2000-v7.0-G-01-17823
12310,RGI2000-v7.0-G-01-17824
12311,RGI2000-v7.0-G-01-17830
12312,RGI2000-v7.0-G-01-17831
12313,RGI2000-v7.0-G-01-17837
12314,RGI2000-v7.0-G-01-17839
12315,RGI2000-v7.0-G-01-17844
12316,RGI2000-v7.0-G-01-17854
12317,RGI2000-v7.0-G-01-17856
12318,RGI2000-v7.0-G-01-17857
12319,RGI2000-v7.0-G-01-17864
12320,RGI2000-v7.0-G-01-17877
12321,RGI2000-v7.0-G-01-17885
12322,RGI2000-v7.0-G-01-17895
12323,RGI2000-v7.0-G-01-17909
12324,RGI2000-v7.0-G-01-17910
12325,RGI2000-v7.0-G-01-17922
12326,RGI2000-v7.0-G-01-17923
12327,RGI2000-v7.0-G-01-17925
12328,RGI2000-v7.0-G-01-17934
12329,RGI2000-v7.0-G-01-17937
12330,RGI2000-v7.0-G-01-17941
12331,RGI2000-v7.0-G-01-17947
12332,RGI2000-v7.0-G-01-17948
12333,RGI2000-v7.0-G-01-17956
12334,RGI2000-v7.0-G-01-17958
12335,RGI2000-v7.0-G-01-17961
12336,RGI2000-v7.0-G-01-17964
12337,RGI2000-v7.0-G-01-17968
12338,RGI2000-v7.0-G-01-17971
12339,RGI2000-v7.0-G-01-17973
12340,RGI2000-v7.0-G-01-17977
12341,RGI2000-v7.0-G-01-17981
12342,RGI2000-v7.0-G-01-17983
12343,RGI2000-v7.0-G-01-17985
12344,RGI2000-v7.0-G-01-17989
12345,RGI2000-v7.0-G-01-17991
12346,RGI2000-v7.0-G-01-17992
12347,RGI2000-v7.0-G-01-17998
12348,RGI2000-v7.0-G-01-18003
12349,RGI2000-v7.0-G-01-18007
12350,RGI2000-v7.0-G-01-18010
12351,RGI2000-v7.0-G-01-18011
12352,RGI2000-v7.0-G-01-18013
12353,RGI2000-v7.0-G-01-18015
12354,RGI2000-v7.0-G-01-18020
12355,RGI2000-v7.0-G-01-18025
12356,RGI2000-v7.0-G-01-18028
12357,RGI2000-v7.0-G-01-18034
12358,RGI2000-v7.0-G-01-18059
12359,RGI2000-v7.0-G-01-18063
12360,RGI2000-v7.0-G-01-18065
12361,RGI2000-v7.0-G-01-18069
12362,RGI2000-v7.0-G-01-18073
12363,RGI2000-v7.0-G-01-18074
12364,RGI2000-v7.0-G-01-18075
12365,RGI2000-v7.0-G-01-18083
12366,RGI2000-v7.0-G-01-18085
12367,RGI2000-v7.0-G-01-18089
12368,RGI2000-v7.0-G-01-18092
12369,RGI2000-v7.0-G-01-18093
12370,RGI2000-v7.0-G-01-18094
12371,RGI2000-v7.0-G-01-18097
12372,RGI2000-v7.0-G-01-18099
12373,RGI2000-v7.0-G-01-18102
12374,RGI2000-v7.0-G-01-18106
12375,RGI2000-v7.0-G-01-18109
12376,RGI2000-v7.0-G-01-18110
12377,RGI2000-v7.0-G-01-18115
12378,RGI2000-v7.0-G-01-18123
12379,RGI2000-v7.0-G-01-18125
12380,RGI2000-v7.0-G-01-18128
12381,RGI2000-v7.0-G-01-18131
12382,RGI2000-v7.0-G-01-18136
12383,RGI2000-v7.0-G-01-18147
12384,RGI2000-v7.0-G-01-18151
12385,RGI2000-v7.0-G-01-18158
12386,RGI2000-v7.0-G-01-18164
12387,RGI2000-v7.0-G-01-18169
12388,RGI2000-v7.0-G-01-18172
12389,RGI2000-v7.0-G-01-18174
12390,RGI2000-v7.0-G-01-18183
12391,RGI2000-v7.0-G-01-18187
12392,RGI2000-v7.0-G-01-18190
12393,RGI2000-v7.0-G-01-18197
12394,RGI2000-v7.0-G-01-18202
12395,RGI2000-v7.0-G-01-18204
12396,RGI2000-v7.0-G-01-18205
12397,RGI2000-v7.0-G-01-18221
12398,RGI2000-v7.0-G-01-18222
12399,RGI2000-v7.0-G-01-18224
12400,RGI2000-v7.0-G-01-18266
12401,RGI2000-v7.0-G-01-18285
12402,RGI2000-v7.0-G-01-18291
12403,RGI2000-v7.0-G-01-18296
12404,RGI2000-v7.0-G-01-18302
12405,RGI2000-v7.0-G-01-18303
12406,RGI2000-v7.0-G-01-18304
12407,RGI2000-v7.0-G-01-18305
12408,RGI2000-v7.0-G-01-18306
12409,RGI2000-v7.0-G-01-18308
12410,RGI2000-v7.0-G-01-18309
12411,RGI2000-v7.0-G-01-18312
12412,RGI2000-v7.0-G-01-18313
12413,RGI2000-v7.0-G-01-18314
12414,RGI2000-v7.0-G-01-18316
12415,RGI2000-v7.0-G-01-18317
12416,RGI2000-v7.0-G-01-18320
12417,RGI2000-v7.0-G-01-18328
12418,RGI2000-v7.0-G-01-18331
12419,RGI2000-v7.0-G-01-18332
12420,RGI2000-v7.0-G-01-18333
12421,RGI2000-v7.0-G-01-18336
12422,RGI2000-v7.0-G-01-18339
12423,RGI2000-v7.0-G-01-18342
12424,RGI2000-v7.0-G-01-18343
12425,RGI2000-v7.0-G-01-18346
12426,RGI2000-v7.0-G-01-18363
12427,RGI2000-v7.0-G-01-18365
12428,RGI2000-v7.0-G-01-18378
12429,RGI2000-v7.0-G-01-18379
12430,RGI2000-v7.0-G-01-18381
12431,RGI2000-v7.0-G-01-18382
12432,RGI2000-v7.0-G-01-18384
12433,RGI2000-v7.0-G-01-18385
12434,RGI2000-v7.0-G-01-18387
12435,RGI2000-v7.0-G-01-18388
12436,RGI2000-v7.0-G-01-18390
12437,RGI2000-v7.0-G-01-18391
12438,RGI2000-v7.0-G-01-18392
12439,RGI2000-v7.0-G-01-18394
12440,RGI2000-v7.0-G-01-18395
12441,RGI2000-v7.0-G-01-18397
12442,RGI2000-v7.0-G-01-18398
12443,RGI2000-v7.0-G-01-18402
12444,RGI2000-v7.0-G-01-18407
12445,RGI2000-v7.0-G-01-18414
12446,RGI2000-v7.0-G-01-18423
12447,RGI2000-v7.0-G-01-18424
12448,RGI2000-v7.0-G-01-18426
12449,RGI2000-v7.0-G-01-18431
12450,RGI2000-v7.0-G-01-18435
12451,RGI2000-v7.0-G-01-18443
12452,RGI2000-v7.0-G-01-18445
12453,RGI2000-v7.0-G-01-18450
12454,RGI2000-v7.0-G-01-18457
12455,RGI2000-v7.0-G-01-18458
12456,RGI2000-v7.0-G-01-18461
12457,RGI2000-v7.0-G-01-18462
12458,RGI2000-v7.0-G-01-18471
12459,RGI2000-v7.0-G-01-18475
12460,RGI2000-v7.0-G-01-18479
12461,RGI2000-v7.0-G-01-18480
12462,RGI2000-v7.0-G-01-18488
12463,RGI2000-v7.0-G-01-18509
12464,RGI2000-v7.0-G-01-18551
12465,RGI2000-v7.0-G-01-18552
12466,RGI2000-v7.0-G-01-18554
12467,RGI2000-v7.0-G-01-18556
12468,RGI2000-v7.0-G-01-18559
12469,RGI2000-v7.0-G-01-18566
12470,RGI2000-v7.0-G-01-18572
12471,RGI2000-v7.0-G-01-18577
12472,RGI2000-v7.0-G-01-18580
12473,RGI2000-v7.0-G-01-18582
12474,RGI2000-v7.0-G-01-18587
12475,RGI2000-v7.0-G-01-18588
12476,RGI2000-v7.0-G-01-18589
12477,RGI2000-v7.0-G-01-18592
12478,RGI2000-v7.0-G-01-18595
12479,RGI2000-v7.0-G-01-18598
12480,RGI2000-v7.0-G-01-18613
12481,RGI2000-v7.0-G-01-18622
12482,RGI2000-v7.0-G-01-18627
12483,RGI2000-v7.0-G-01-18636
12484,RGI2000-v7.0-G-01-18637
12485,RGI2000-v7.0-G-01-18642
12486,RGI2000-v7.0-G-01-18645
12487,RGI2000-v7.0-G-01-18646
12488,RGI2000-v7.0-G-01-18652
12489,RGI2000-v7.0-G-01-18653
12490,RGI2000-v7.0-G-01-18657
12491,RGI2000-v7.0-G-01-18667
12492,RGI2000-v7.0-G-01-18670
12493,RGI2000-v7.0-G-01-18673
12494,RGI2000-v7.0-G-01-18684
12495,RGI2000-v7.0-G-01-18685
12496,RGI2000-v7.0-G-01-18686
12497,RGI2000-v7.0-G-01-18687
12498,RGI2000-v7.0-G-01-18694
12499,RGI2000-v7.0-G-01-18697
12500,RGI2000-v7.0-G-01-18701
12501,RGI2000-v7.0-G-01-18706
12502,RGI2000-v7.0-G-01-18719
12503,RGI2000-v7.0-G-01-18736
12504,RGI2000-v7.0-G-01-18738
12505,RGI2000-v7.0-G-01-18740
12506,RGI2000-v7.0-G-01-18742
12507,RGI2000-v7.0-G-01-18751
12508,RGI2000-v7.0-G-01-18754
12509,RGI2000-v7.0-G-01-18756
12510,RGI2000-v7.0-G-01-18761
12511,RGI2000-v7.0-G-01-18766
12512,RGI2000-v7.0-G-01-18768
12513,RGI2000-v7.0-G-01-18770
12514,RGI2000-v7.0-G-01-18771
12515,RGI2000-v7.0-G-01-18772
12516,RGI2000-v7.0-G-01-18775
12517,RGI2000-v7.0-G-01-18790
12518,RGI2000-v7.0-G-01-18793
12519,RGI2000-v7.0-G-01-18798
12520,RGI2000-v7.0-G-01-18800
12521,RGI2000-v7.0-G-01-18801
12522,RGI2000-v7.0-G-01-18804
12523,RGI2000-v7.0-G-01-18807
12524,RGI2000-v7.0-G-01-18812
12525,RGI2000-v7.0-G-01-18813
12526,RGI2000-v7.0-G-01-18818
12527,RGI2000-v7.0-G-01-18819
12528,RGI2000-v7.0-G-01-18827
12529,RGI2000-v7.0-G-01-18828
12530,RGI2000-v7.0-G-01-18831
12531,RGI2000-v7.0-G-01-18836
12532,RGI2000-v7.0-G-01-18839
12533,RGI2000-v7.0-G-01-18849
12534,RGI2000-v7.0-G-01-18853
12535,RGI2000-v7.0-G-01-18857
12536,RGI2000-v7.0-G-01-18862
12537,RGI2000-v7.0-G-01-18864
12538,RGI2000-v7.0-G-01-18866
12539,RGI2000-v7.0-G-01-18867
12540,RGI2000-v7.0-G-01-18868
12541,RGI2000-v7.0-G-01-18869
12542,RGI2000-v7.0-G-01-18873
12543,RGI2000-v7.0-G-01-18876
12544,RGI2000-v7.0-G-01-18885
12545,RGI2000-v7.0-G-01-18889
12546,RGI2000-v7.0-G-01-18890
12547,RGI2000-v7.0-G-01-18893
12548,RGI2000-v7.0-G-01-18898
12549,RGI2000-v7.0-G-01-18900
12550,RGI2000-v7.0-G-01-18901
12551,RGI2000-v7.0-G-01-18905
12552,RGI2000-v7.0-G-01-18906
12553,RGI2000-v7.0-G-01-18907
12554,RGI2000-v7.0-G-01-18910
12555,RGI2000-v7.0-G-01-18912
12556,RGI2000-v7.0-G-01-18915
12557,RGI2000-v7.0-G-01-18922
12558,RGI2000-v7.0-G-01-18925
12559,RGI2000-v7.0-G-01-18927
12560,RGI2000-v7.0-G-01-18928
12561,RGI2000-v7.0-G-01-18935
12562,RGI2000-v7.0-G-01-18939
12563,RGI2000-v7.0-G-01-18951
12564,RGI2000-v7.0-G-01-18958
12565,RGI2000-v7.0-G-01-18959
12566,RGI2000-v7.0-G-01-18960
12567,RGI2000-v7.0-G-01-18961
12568,RGI2000-v7.0-G-01-18967
12569,RGI2000-v7.0-G-01-18971
12570,RGI2000-v7.0-G-01-18974
12571,RGI2000-v7.0-G-01-18975
12572,RGI2000-v7.0-G-01-18977
12573,RGI2000-v7.0-G-01-18980
12574,RGI2000-v7.0-G-01-18981
12575,RGI2000-v7.0-G-01-19001
12576,RGI2000-v7.0-G-01-19005
12577,RGI2000-v7.0-G-01-19011
12578,RGI2000-v7.0-G-01-19021
12579,RGI2000-v7.0-G-01-19061
12580,RGI2000-v7.0-G-01-19067
12581,RGI2000-v7.0-G-01-19071
12582,RGI2000-v7.0-G-01-19085
12583,RGI2000-v7.0-G-01-19086
12584,RGI2000-v7.0-G-01-19087
12585,RGI2000-v7.0-G-01-19088
12586,RGI2000-v7.0-G-01-19089
12587,RGI2000-v7.0-G-01-19106
12588,RGI2000-v7.0-G-01-19113
12589,RGI2000-v7.0-G-01-19115
12590,RGI2000-v7.0-G-01-19126
12591,RGI2000-v7.0-G-01-19127
12592,RGI2000-v7.0-G-01-19129
12593,RGI2000-v7.0-G-01-19142
12594,RGI2000-v7.0-G-01-19146
12595,RGI2000-v7.0-G-01-19147
12596,RGI2000-v7.0-G-01-19150
12597,RGI2000-v7.0-G-01-19156
12598,RGI2000-v7.0-G-01-19160
12599,RGI2000-v7.0-G-01-19162
12600,RGI2000-v7.0-G-01-19164
12601,RGI2000-v7.0-G-01-19165
12602,RGI2000-v7.0-G-01-19169
12603,RGI2000-v7.0-G-01-19175
12604,RGI2000-v7.0-G-01-19177
12605,RGI2000-v7.0-G-01-19179
12606,RGI2000-v7.0-G-01-19180
12607,RGI2000-v7.0-G-01-19181
12608,RGI2000-v7.0-G-01-19184
12609,RGI2000-v7.0-G-01-19186
12610,RGI2000-v7.0-G-01-19187
12611,RGI2000-v7.0-G-01-19188
12612,RGI2000-v7.0-G-01-19189
12613,RGI2000-v7.0-G-01-19195
12614,RGI2000-v7.0-G-01-19211
12615,RGI2000-v7.0-G-01-19215
12616,RGI2000-v7.0-G-01-19235
12617,RGI2000-v7.0-G-01-19236
12618,RGI2000-v7.0-G-01-19240
12619,RGI2000-v7.0-G-01-19242
12620,RGI2000-v7.0-G-01-19244
12621,RGI2000-v7.0-G-01-19246
12622,RGI2000-v7.0-G-01-19256
12623,RGI2000-v7.0-G-01-19258
12624,RGI2000-v7.0-G-01-19260
12625,RGI2000-v7.0-G-01-19263
12626,RGI2000-v7.0-G-01-19264
12627,RGI2000-v7.0-G-01-19271
12628,RGI2000-v7.0-G-01-19275
12629,RGI2000-v7.0-G-01-19276
12630,RGI2000-v7.0-G-01-19277
12631,RGI2000-v7.0-G-01-19278
12632,RGI2000-v7.0-G-01-19284
12633,RGI2000-v7.0-G-01-19287
12634,RGI2000-v7.0-G-01-19289
12635,RGI2000-v7.0-G-01-19292
12636,RGI2000-v7.0-G-01-19294
12637,RGI2000-v7.0-G-01-19297
12638,RGI2000-v7.0-G-01-19298
12639,RGI2000-v7.0-G-01-19303
12640,RGI2000-v7.0-G-01-19304
12641,RGI2000-v7.0-G-01-19305
12642,RGI2000-v7.0-G-01-19307
12643,RGI2000-v7.0-G-01-19308
12644,RGI2000-v7.0-G-01-19312
12645,RGI2000-v7.0-G-01-19319
12646,RGI2000-v7.0-G-01-19320
12647,RGI2000-v7.0-G-01-19322
12648,RGI2000-v7.0-G-01-19324
12649,RGI2000-v7.0-G-01-19325
12650,RGI2000-v7.0-G-01-19326
12651,RGI2000-v7.0-G-01-19334
12652,RGI2000-v7.0-G-01-19335
12653,RGI2000-v7.0-G-01-19341
12654,RGI2000-v7.0-G-01-19343
12655,RGI2000-v7.0-G-01-19348
12656,RGI2000-v7.0-G-01-19351
12657,RGI2000-v7.0-G-01-19357
12658,RGI2000-v7.0-G-01-19358
12659,RGI2000-v7.0-G-01-19362
12660,RGI2000-v7.0-G-01-19365
12661,RGI2000-v7.0-G-01-19369
12662,RGI2000-v7.0-G-01-19370
12663,RGI2000-v7.0-G-01-19371
12664,RGI2000-v7.0-G-01-19374
12665,RGI2000-v7.0-G-01-19392
12666,RGI2000-v7.0-G-01-19394
12667,RGI2000-v7.0-G-01-19399
12668,RGI2000-v7.0-G-01-19406
12669,RGI2000-v7.0-G-01-19407
12670,RGI2000-v7.0-G-01-19409
12671,RGI2000-v7.0-G-01-19413
12672,RGI2000-v7.0-G-01-19414
12673,RGI2000-v7.0-G-01-19416
12674,RGI2000-v7.0-G-01-19425
12675,RGI2000-v7.0-G-01-19426
12676,RGI2000-v7.0-G-01-19432
12677,RGI2000-v7.0-G-01-19436
12678,RGI2000-v7.0-G-01-19449
12679,RGI2000-v7.0-G-01-19482
12680,RGI2000-v7.0-G-01-19483
12681,RGI2000-v7.0-G-01-19495
12682,RGI2000-v7.0-G-01-19496
12683,RGI2000-v7.0-G-01-19497
12684,RGI2000-v7.0-G-01-19505
12685,RGI2000-v7.0-G-01-19507
12686,RGI2000-v7.0-G-01-19510
12687,RGI2000-v7.0-G-01-19515
12688,RGI2000-v7.0-G-01-19536
12689,RGI2000-v7.0-G-01-19543
12690,RGI2000-v7.0-G-01-19545
12691,RGI2000-v7.0-G-01-19546
12692,RGI2000-v7.0-G-01-19551
12693,RGI2000-v7.0-G-01-19553
12694,RGI2000-v7.0-G-01-19561
12695,RGI2000-v7.0-G-01-19571
12696,RGI2000-v7.0-G-01-19574
12697,RGI2000-v7.0-G-01-19586
12698,RGI2000-v7.0-G-01-19587
12699,RGI2000-v7.0-G-01-19647
12700,RGI2000-v7.0-G-01-19650
12701,RGI2000-v7.0-G-01-19654
12702,RGI2000-v7.0-G-01-19657
12703,RGI2000-v7.0-G-01-19664
12704,RGI2000-v7.0-G-01-19666
12705,RGI2000-v7.0-G-01-19667
12706,RGI2000-v7.0-G-01-19668
12707,RGI2000-v7.0-G-01-19678
12708,RGI2000-v7.0-G-01-19690
12709,RGI2000-v7.0-G-01-19697
12710,RGI2000-v7.0-G-01-19707
12711,RGI2000-v7.0-G-01-19709
12712,RGI2000-v7.0-G-01-19712
12713,RGI2000-v7.0-G-01-19713
12714,RGI2000-v7.0-G-01-19720
12715,RGI2000-v7.0-G-01-19722
12716,RGI2000-v7.0-G-01-19724
12717,RGI2000-v7.0-G-01-19735
12718,RGI2000-v7.0-G-01-19737
12719,RGI2000-v7.0-G-01-19741
12720,RGI2000-v7.0-G-01-19745
12721,RGI2000-v7.0-G-01-19748
12722,RGI2000-v7.0-G-01-19764
12723,RGI2000-v7.0-G-01-19771
12724,RGI2000-v7.0-G-01-19774
12725,RGI2000-v7.0-G-01-19781
12726,RGI2000-v7.0-G-01-19788
12727,RGI2000-v7.0-G-01-19801
12728,RGI2000-v7.0-G-01-19808
12729,RGI2000-v7.0-G-01-19816
12730,RGI2000-v7.0-G-01-19821
12731,RGI2000-v7.0-G-01-19822
12732,RGI2000-v7.0-G-01-19829
12733,RGI2000-v7.0-G-01-19832
12734,RGI2000-v7.0-G-01-19833
12735,RGI2000-v7.0-G-01-19835
12736,RGI2000-v7.0-G-01-19836
12737,RGI2000-v7.0-G-01-19837
12738,RGI2000-v7.0-G-01-19838
12739,RGI2000-v7.0-G-01-19839
12740,RGI2000-v7.0-G-01-19842
12741,RGI2000-v7.0-G-01-19843
12742,RGI2000-v7.0-G-01-19845
12743,RGI2000-v7.0-G-01-19852
12744,RGI2000-v7.0-G-01-19856
12745,RGI2000-v7.0-G-01-19874
12746,RGI2000-v7.0-G-01-19890
12747,RGI2000-v7.0-G-01-19905
12748,RGI2000-v7.0-G-01-19906
12749,RGI2000-v7.0-G-01-19910
12750,RGI2000-v7.0-G-01-19914
12751,RGI2000-v7.0-G-01-19920
12752,RGI2000-v7.0-G-01-19921
12753,RGI2000-v7.0-G-01-19924
12754,RGI2000-v7.0-G-01-19938
12755,RGI2000-v7.0-G-01-19948
12756,RGI2000-v7.0-G-01-19950
12757,RGI2000-v7.0-G-01-19963
12758,RGI2000-v7.0-G-01-19967
12759,RGI2000-v7.0-G-01-19976
12760,RGI2000-v7.0-G-01-19978
12761,RGI2000-v7.0-G-01-19984
12762,RGI2000-v7.0-G-01-19985
12763,RGI2000-v7.0-G-01-19988
12764,RGI2000-v7.0-G-01-20000
12765,RGI2000-v7.0-G-01-20002
12766,RGI2000-v7.0-G-01-20007
12767,RGI2000-v7.0-G-01-20009
12768,RGI2000-v7.0-G-01-20011
12769,RGI2000-v7.0-G-01-20017
12770,RGI2000-v7.0-G-01-20018
12771,RGI2000-v7.0-G-01-20027
12772,RGI2000-v7.0-G-01-20030
12773,RGI2000-v7.0-G-01-20034
12774,RGI2000-v7.0-G-01-20035
12775,RGI2000-v7.0-G-01-20045
12776,RGI2000-v7.0-G-01-20048
12777,RGI2000-v7.0-G-01-20049
12778,RGI2000-v7.0-G-01-20054
12779,RGI2000-v7.0-G-01-20055
12780,RGI2000-v7.0-G-01-20058
12781,RGI2000-v7.0-G-01-20064
12782,RGI2000-v7.0-G-01-20066
12783,RGI2000-v7.0-G-01-20068
12784,RGI2000-v7.0-G-01-20069
12785,RGI2000-v7.0-G-01-20070
12786,RGI2000-v7.0-G-01-20073
12787,RGI2000-v7.0-G-01-20085
12788,RGI2000-v7.0-G-01-20087
12789,RGI2000-v7.0-G-01-20088
12790,RGI2000-v7.0-G-01-20091
12791,RGI2000-v7.0-G-01-20095
12792,RGI2000-v7.0-G-01-20096
12793,RGI2000-v7.0-G-01-20100
12794,RGI2000-v7.0-G-01-20101
12795,RGI2000-v7.0-G-01-20102
12796,RGI2000-v7.0-G-01-20106
12797,RGI2000-v7.0-G-01-20107
12798,RGI2000-v7.0-G-01-20114
12799,RGI2000-v7.0-G-01-20116
12800,RGI2000-v7.0-G-01-20120
12801,RGI2000-v7.0-G-01-20127
12802,RGI2000-v7.0-G-01-20139
12803,RGI2000-v7.0-G-01-20140
12804,RGI2000-v7.0-G-01-20141
12805,RGI2000-v7.0-G-01-20143
12806,RGI2000-v7.0-G-01-20144
12807,RGI2000-v7.0-G-01-20145
12808,RGI2000-v7.0-G-01-20148
12809,RGI2000-v7.0-G-01-20152
12810,RGI2000-v7.0-G-01-20156
12811,RGI2000-v7.0-G-01-20158
12812,RGI2000-v7.0-G-01-20165
12813,RGI2000-v7.0-G-01-20168
12814,RGI2000-v7.0-G-01-20169
12815,RGI2000-v7.0-G-01-20171
12816,RGI2000-v7.0-G-01-20191
12817,RGI2000-v7.0-G-01-20204
12818,RGI2000-v7.0-G-01-20206
12819,RGI2000-v7.0-G-01-20212
12820,RGI2000-v7.0-G-01-20214
12821,RGI2000-v7.0-G-01-20222
12822,RGI2000-v7.0-G-01-20232
12823,RGI2000-v7.0-G-01-20233
12824,RGI2000-v7.0-G-01-20236
12825,RGI2000-v7.0-G-01-20238
12826,RGI2000-v7.0-G-01-20241
12827,RGI2000-v7.0-G-01-20243
12828,RGI2000-v7.0-G-01-20246
12829,RGI2000-v7.0-G-01-20248
12830,RGI2000-v7.0-G-01-20250
12831,RGI2000-v7.0-G-01-20251
12832,RGI2000-v7.0-G-01-20252
12833,RGI2000-v7.0-G-01-20260
12834,RGI2000-v7.0-G-01-20265
12835,RGI2000-v7.0-G-01-20267
12836,RGI2000-v7.0-G-01-20271
12837,RGI2000-v7.0-G-01-20273
12838,RGI2000-v7.0-G-01-20274
12839,RGI2000-v7.0-G-01-20277
12840,RGI2000-v7.0-G-01-20278
12841,RGI2000-v7.0-G-01-20280
12842,RGI2000-v7.0-G-01-20281
12843,RGI2000-v7.0-G-01-20283
12844,RGI2000-v7.0-G-01-20288
12845,RGI2000-v7.0-G-01-20290
12846,RGI2000-v7.0-G-01-20291
12847,RGI2000-v7.0-G-01-20297
12848,RGI2000-v7.0-G-01-20301
12849,RGI2000-v7.0-G-01-20303
12850,RGI2000-v7.0-G-01-20325
12851,RGI2000-v7.0-G-01-20333
12852,RGI2000-v7.0-G-01-20338
12853,RGI2000-v7.0-G-01-20341
12854,RGI2000-v7.0-G-01-20342
12855,RGI2000-v7.0-G-01-20349
12856,RGI2000-v7.0-G-01-20350
12857,RGI2000-v7.0-G-01-20351
12858,RGI2000-v7.0-G-01-20352
12859,RGI2000-v7.0-G-01-20353
12860,RGI2000-v7.0-G-01-20355
12861,RGI2000-v7.0-G-01-20357
12862,RGI2000-v7.0-G-01-20361
12863,RGI2000-v7.0-G-01-20366
12864,RGI2000-v7.0-G-01-20383
12865,RGI2000-v7.0-G-01-20384
12866,RGI2000-v7.0-G-01-20395
12867,RGI2000-v7.0-G-01-20400
12868,RGI2000-v7.0-G-01-20403
12869,RGI2000-v7.0-G-01-20404
12870,RGI2000-v7.0-G-01-20412
12871,RGI2000-v7.0-G-01-20439
12872,RGI2000-v7.0-G-01-20440
12873,RGI2000-v7.0-G-01-20441
12874,RGI2000-v7.0-G-01-20442
12875,RGI2000-v7.0-G-01-20446
12876,RGI2000-v7.0-G-01-20492
12877,RGI2000-v7.0-G-01-20500
12878,RGI2000-v7.0-G-01-20506
12879,RGI2000-v7.0-G-01-20507
12880,RGI2000-v7.0-G-01-20510
12881,RGI2000-v7.0-G-01-20517
12882,RGI2000-v7.0-G-01-20526
12883,RGI2000-v7.0-G-01-20529
12884,RGI2000-v7.0-G-01-20574
12885,RGI2000-v7.0-G-01-20578
12886,RGI2000-v7.0-G-01-20580
12887,RGI2000-v7.0-G-01-20588
12888,RGI2000-v7.0-G-01-20590
12889,RGI2000-v7.0-G-01-20599
12890,RGI2000-v7.0-G-01-20606
12891,RGI2000-v7.0-G-01-20608
12892,RGI2000-v7.0-G-01-20613
12893,RGI2000-v7.0-G-01-20615
12894,RGI2000-v7.0-G-01-20619
12895,RGI2000-v7.0-G-01-20620
12896,RGI2000-v7.0-G-01-20622
12897,RGI2000-v7.0-G-01-20624
12898,RGI2000-v7.0-G-01-20632
12899,RGI2000-v7.0-G-01-20633
12900,RGI2000-v7.0-G-01-20637
12901,RGI2000-v7.0-G-01-20645
12902,RGI2000-v7.0-G-01-20646
12903,RGI2000-v7.0-G-01-20648
12904,RGI2000-v7.0-G-01-20658
12905,RGI2000-v7.0-G-01-20660
12906,RGI2000-v7.0-G-01-20673
12907,RGI2000-v7.0-G-01-20682
12908,RGI2000-v7.0-G-01-20684
12909,RGI2000-v7.0-G-01-20687
12910,RGI2000-v7.0-G-01-20688
12911,RGI2000-v7.0-G-01-20690
12912,RGI2000-v7.0-G-01-20692
12913,RGI2000-v7.0-G-01-20693
12914,RGI2000-v7.0-G-01-20698
12915,RGI2000-v7.0-G-01-20699
12916,RGI2000-v7.0-G-01-20702
12917,RGI2000-v7.0-G-01-20706
12918,RGI2000-v7.0-G-01-20710
12919,RGI2000-v7.0-G-01-20712
12920,RGI2000-v7.0-G-01-20713
12921,RGI2000-v7.0-G-01-20720
12922,RGI2000-v7.0-G-01-20723
12923,RGI2000-v7.0-G-01-20728
12924,RGI2000-v7.0-G-01-20733
12925,RGI2000-v7.0-G-01-20734
12926,RGI2000-v7.0-G-01-20735
12927,RGI2000-v7.0-G-01-20736
12928,RGI2000-v7.0-G-01-20745
12929,RGI2000-v7.0-G-01-20753
12930,RGI2000-v7.0-G-01-20755
12931,RGI2000-v7.0-G-01-20756
12932,RGI2000-v7.0-G-01-20758
12933,RGI2000-v7.0-G-01-20759
12934,RGI2000-v7.0-G-01-20762
12935,RGI2000-v7.0-G-01-20779
12936,RGI2000-v7.0-G-01-20780
12937,RGI2000-v7.0-G-01-20785
12938,RGI2000-v7.0-G-01-20787
12939,RGI2000-v7.0-G-01-20788
12940,RGI2000-v7.0-G-01-20796
12941,RGI2000-v7.0-G-01-20806
12942,RGI2000-v7.0-G-01-20807
12943,RGI2000-v7.0-G-01-20829
12944,RGI2000-v7.0-G-01-20830
12945,RGI2000-v7.0-G-01-20831
12946,RGI2000-v7.0-G-01-20836
12947,RGI2000-v7.0-G-01-20837
12948,RGI2000-v7.0-G-01-20839
12949,RGI2000-v7.0-G-01-20840
12950,RGI2000-v7.0-G-01-20849
12951,RGI2000-v7.0-G-01-20851
12952,RGI2000-v7.0-G-01-20853
12953,RGI2000-v7.0-G-01-20856
12954,RGI2000-v7.0-G-01-20861
12955,RGI2000-v7.0-G-01-20864
12956,RGI2000-v7.0-G-01-20867
12957,RGI2000-v7.0-G-01-20869
12958,RGI2000-v7.0-G-01-20871
12959,RGI2000-v7.0-G-01-20875
12960,RGI2000-v7.0-G-01-20879
12961,RGI2000-v7.0-G-01-20888
12962,RGI2000-v7.0-G-01-20890
12963,RGI2000-v7.0-G-01-20896
12964,RGI2000-v7.0-G-01-20899
12965,RGI2000-v7.0-G-01-20900
12966,RGI2000-v7.0-G-01-20906
12967,RGI2000-v7.0-G-01-20909
12968,RGI2000-v7.0-G-01-20911
12969,RGI2000-v7.0-G-01-20913
12970,RGI2000-v7.0-G-01-20915
12971,RGI2000-v7.0-G-01-20916
12972,RGI2000-v7.0-G-01-20918
12973,RGI2000-v7.0-G-01-20921
12974,RGI2000-v7.0-G-01-20924
12975,RGI2000-v7.0-G-01-20927
12976,RGI2000-v7.0-G-01-20933
12977,RGI2000-v7.0-G-01-20934
12978,RGI2000-v7.0-G-01-20935
12979,RGI2000-v7.0-G-01-20936
12980,RGI2000-v7.0-G-01-20937
12981,RGI2000-v7.0-G-01-20938
12982,RGI2000-v7.0-G-01-20939
12983,RGI2000-v7.0-G-01-20941
12984,RGI2000-v7.0-G-01-20944
12985,RGI2000-v7.0-G-01-20945
12986,RGI2000-v7.0-G-01-20953
12987,RGI2000-v7.0-G-01-20954
12988,RGI2000-v7.0-G-01-20955
12989,RGI2000-v7.0-G-01-20958
12990,RGI2000-v7.0-G-01-20961
12991,RGI2000-v7.0-G-01-20964
12992,RGI2000-v7.0-G-01-20966
12993,RGI2000-v7.0-G-01-20970
12994,RGI2000-v7.0-G-01-20971
12995,RGI2000-v7.0-G-01-20972
12996,RGI2000-v7.0-G-01-20973
12997,RGI2000-v7.0-G-01-20976
12998,RGI2000-v7.0-G-01-20978
12999,RGI2000-v7.0-G-01-20980
13000,RGI2000-v7.0-G-01-20982
13001,RGI2000-v7.0-G-01-20983
13002,RGI2000-v7.0-G-01-20985
13003,RGI2000-v7.0-G-01-20988
13004,RGI2000-v7.0-G-01-20991
13005,RGI2000-v7.0-G-01-20992
13006,RGI2000-v7.0-G-01-20993
13007,RGI2000-v7.0-G-01-20995
13008,RGI2000-v7.0-G-01-20996
13009,RGI2000-v7.0-G-01-20998
13010,RGI2000-v7.0-G-01-21001
13011,RGI2000-v7.0-G-01-21002
13012,RGI2000-v7.0-G-01-21007
13013,RGI2000-v7.0-G-01-21011
13014,RGI2000-v7.0-G-01-21012
13015,RGI2000-v7.0-G-01-21022
13016,RGI2000-v7.0-G-01-21023
13017,RGI2000-v7.0-G-01-21027
13018,RGI2000-v7.0-G-01-21034
13019,RGI2000-v7.0-G-01-21035
13020,RGI2000-v7.0-G-01-21041
13021,RGI2000-v7.0-G-01-21051
13022,RGI2000-v7.0-G-01-21057
13023,RGI2000-v7.0-G-01-21061
13024,RGI2000-v7.0-G-01-21071
13025,RGI2000-v7.0-G-01-21072
13026,RGI2000-v7.0-G-01-21075
13027,RGI2000-v7.0-G-01-21078
13028,RGI2000-v7.0-G-01-21085
13029,RGI2000-v7.0-G-01-21091
13030,RGI2000-v7.0-G-01-21093
13031,RGI2000-v7.0-G-01-21095
13032,RGI2000-v7.0-G-01-21099
13033,RGI2000-v7.0-G-01-21100
13034,RGI2000-v7.0-G-01-21102
13035,RGI2000-v7.0-G-01-21105
13036,RGI2000-v7.0-G-01-21109
13037,RGI2000-v7.0-G-01-21110
13038,RGI2000-v7.0-G-01-21112
13039,RGI2000-v7.0-G-01-21118
13040,RGI2000-v7.0-G-01-21122
13041,RGI2000-v7.0-G-01-21127
13042,RGI2000-v7.0-G-01-21128
13043,RGI2000-v7.0-G-01-21129
13044,RGI2000-v7.0-G-01-21130
13045,RGI2000-v7.0-G-01-21132
13046,RGI2000-v7.0-G-01-21133
13047,RGI2000-v7.0-G-01-21137
13048,RGI2000-v7.0-G-01-21138
13049,RGI2000-v7.0-G-01-21139
13050,RGI2000-v7.0-G-01-21145
13051,RGI2000-v7.0-G-01-21148
13052,RGI2000-v7.0-G-01-21150
13053,RGI2000-v7.0-G-01-21156
13054,RGI2000-v7.0-G-01-21161
13055,RGI2000-v7.0-G-01-21163
13056,RGI2000-v7.0-G-01-21165
13057,RGI2000-v7.0-G-01-21171
13058,RGI2000-v7.0-G-01-21172
13059,RGI2000-v7.0-G-01-21185
13060,RGI2000-v7.0-G-01-21193
13061,RGI2000-v7.0-G-01-21197
13062,RGI2000-v7.0-G-01-21199
13063,RGI2000-v7.0-G-01-21200
13064,RGI2000-v7.0-G-01-21201
13065,RGI2000-v7.0-G-01-21205
13066,RGI2000-v7.0-G-01-21206
13067,RGI2000-v7.0-G-01-21207
13068,RGI2000-v7.0-G-01-21210
13069,RGI2000-v7.0-G-01-21221
13070,RGI2000-v7.0-G-01-21222
13071,RGI2000-v7.0-G-01-21223
13072,RGI2000-v7.0-G-01-21224
13073,RGI2000-v7.0-G-01-21227
13074,RGI2000-v7.0-G-01-21228
13075,RGI2000-v7.0-G-01-21229
13076,RGI2000-v7.0-G-01-21230
13077,RGI2000-v7.0-G-01-21244
13078,RGI2000-v7.0-G-01-21280
13079,RGI2000-v7.0-G-01-21286
13080,RGI2000-v7.0-G-01-21293
13081,RGI2000-v7.0-G-01-21298
13082,RGI2000-v7.0-G-01-21301
13083,RGI2000-v7.0-G-01-21304
13084,RGI2000-v7.0-G-01-21305
13085,RGI2000-v7.0-G-01-21309
13086,RGI2000-v7.0-G-01-21319
13087,RGI2000-v7.0-G-01-21330
13088,RGI2000-v7.0-G-01-21333
13089,RGI2000-v7.0-G-01-21339
13090,RGI2000-v7.0-G-01-21340
13091,RGI2000-v7.0-G-01-21351
13092,RGI2000-v7.0-G-01-21353
13093,RGI2000-v7.0-G-01-21357
13094,RGI2000-v7.0-G-01-21365
13095,RGI2000-v7.0-G-01-21377
13096,RGI2000-v7.0-G-01-21397
13097,RGI2000-v7.0-G-01-21412
13098,RGI2000-v7.0-G-01-21420
13099,RGI2000-v7.0-G-01-21424
13100,RGI2000-v7.0-G-01-21427
13101,RGI2000-v7.0-G-01-21436
13102,RGI2000-v7.0-G-01-21437
13103,RGI2000-v7.0-G-01-21451
13104,RGI2000-v7.0-G-01-21460
13105,RGI2000-v7.0-G-01-21463
13106,RGI2000-v7.0-G-01-21466
13107,RGI2000-v7.0-G-01-21469
13108,RGI2000-v7.0-G-01-21472
13109,RGI2000-v7.0-G-01-21476
13110,RGI2000-v7.0-G-01-21479
13111,RGI2000-v7.0-G-01-21486
13112,RGI2000-v7.0-G-01-21491
13113,RGI2000-v7.0-G-01-21492
13114,RGI2000-v7.0-G-01-21495
13115,RGI2000-v7.0-G-01-21496
13116,RGI2000-v7.0-G-01-21497
13117,RGI2000-v7.0-G-01-21500
13118,RGI2000-v7.0-G-01-21501
13119,RGI2000-v7.0-G-01-21504
13120,RGI2000-v7.0-G-01-21506
13121,RGI2000-v7.0-G-01-21507
13122,RGI2000-v7.0-G-01-21509
13123,RGI2000-v7.0-G-01-21512
13124,RGI2000-v7.0-G-01-21520
13125,RGI2000-v7.0-G-01-21523
13126,RGI2000-v7.0-G-01-21524
13127,RGI2000-v7.0-G-01-21527
13128,RGI2000-v7.0-G-01-21528
13129,RGI2000-v7.0-G-01-21534
13130,RGI2000-v7.0-G-01-21535
13131,RGI2000-v7.0-G-01-21544
13132,RGI2000-v7.0-G-01-21546
13133,RGI2000-v7.0-G-01-21559
13134,RGI2000-v7.0-G-01-21560
13135,RGI2000-v7.0-G-01-21561
13136,RGI2000-v7.0-G-01-21563
13137,RGI2000-v7.0-G-01-21564
13138,RGI2000-v7.0-G-01-21571
13139,RGI2000-v7.0-G-01-21572
13140,RGI2000-v7.0-G-01-21576
13141,RGI2000-v7.0-G-01-21578
13142,RGI2000-v7.0-G-01-21586
13143,RGI2000-v7.0-G-01-21595
13144,RGI2000-v7.0-G-01-21597
13145,RGI2000-v7.0-G-01-21598
13146,RGI2000-v7.0-G-01-21603
13147,RGI2000-v7.0-G-01-21605
13148,RGI2000-v7.0-G-01-21606
13149,RGI2000-v7.0-G-01-21613
13150,RGI2000-v7.0-G-01-21617
13151,RGI2000-v7.0-G-01-21618
13152,RGI2000-v7.0-G-01-21623
13153,RGI2000-v7.0-G-01-21632
13154,RGI2000-v7.0-G-01-21637
13155,RGI2000-v7.0-G-01-21643
13156,RGI2000-v7.0-G-01-21648
13157,RGI2000-v7.0-G-01-21649
13158,RGI2000-v7.0-G-01-21668
13159,RGI2000-v7.0-G-01-21673
13160,RGI2000-v7.0-G-01-21675
13161,RGI2000-v7.0-G-01-21681
13162,RGI2000-v7.0-G-01-21682
13163,RGI2000-v7.0-G-01-21686
13164,RGI2000-v7.0-G-01-21691
13165,RGI2000-v7.0-G-01-21693
13166,RGI2000-v7.0-G-01-21695
13167,RGI2000-v7.0-G-01-21697
13168,RGI2000-v7.0-G-01-21698
13169,RGI2000-v7.0-G-01-21711
13170,RGI2000-v7.0-G-01-21713
13171,RGI2000-v7.0-G-01-21717
13172,RGI2000-v7.0-G-01-21724
13173,RGI2000-v7.0-G-01-21726
13174,RGI2000-v7.0-G-01-21729
13175,RGI2000-v7.0-G-01-21730
13176,RGI2000-v7.0-G-01-21734
13177,RGI2000-v7.0-G-01-21739
13178,RGI2000-v7.0-G-01-21742
13179,RGI2000-v7.0-G-01-21756
13180,RGI2000-v7.0-G-01-21757
13181,RGI2000-v7.0-G-01-21764
13182,RGI2000-v7.0-G-01-21767
13183,RGI2000-v7.0-G-01-21769
13184,RGI2000-v7.0-G-01-21773
13185,RGI2000-v7.0-G-01-21775
13186,RGI2000-v7.0-G-01-21779
13187,RGI2000-v7.0-G-01-21786
13188,RGI2000-v7.0-G-01-21788
13189,RGI2000-v7.0-G-01-21790
13190,RGI2000-v7.0-G-01-21794
13191,RGI2000-v7.0-G-01-21797
13192,RGI2000-v7.0-G-01-21802
13193,RGI2000-v7.0-G-01-21813
13194,RGI2000-v7.0-G-01-21816
13195,RGI2000-v7.0-G-01-21819
13196,RGI2000-v7.0-G-01-21820
13197,RGI2000-v7.0-G-01-21821
13198,RGI2000-v7.0-G-01-21826
13199,RGI2000-v7.0-G-01-21827
13200,RGI2000-v7.0-G-01-21828
13201,RGI2000-v7.0-G-01-21832
13202,RGI2000-v7.0-G-01-21840
13203,RGI2000-v7.0-G-01-21844
13204,RGI2000-v7.0-G-01-21845
13205,RGI2000-v7.0-G-01-21848
13206,RGI2000-v7.0-G-01-21850
13207,RGI2000-v7.0-G-01-21854
13208,RGI2000-v7.0-G-01-21861
13209,RGI2000-v7.0-G-01-21870
13210,RGI2000-v7.0-G-01-21872
13211,RGI2000-v7.0-G-01-21880
13212,RGI2000-v7.0-G-01-21881
13213,RGI2000-v7.0-G-01-21884
13214,RGI2000-v7.0-G-01-21887
13215,RGI2000-v7.0-G-01-21888
13216,RGI2000-v7.0-G-01-21889
13217,RGI2000-v7.0-G-01-21890
13218,RGI2000-v7.0-G-01-21893
13219,RGI2000-v7.0-G-01-21894
13220,RGI2000-v7.0-G-01-21896
13221,RGI2000-v7.0-G-01-21899
13222,RGI2000-v7.0-G-01-21902
13223,RGI2000-v7.0-G-01-21909
13224,RGI2000-v7.0-G-01-21912
13225,RGI2000-v7.0-G-01-21919
13226,RGI2000-v7.0-G-01-21939
13227,RGI2000-v7.0-G-01-21946
13228,RGI2000-v7.0-G-01-21961
13229,RGI2000-v7.0-G-01-21962
13230,RGI2000-v7.0-G-01-21964
13231,RGI2000-v7.0-G-01-21968
13232,RGI2000-v7.0-G-01-21970
13233,RGI2000-v7.0-G-01-21971
13234,RGI2000-v7.0-G-01-21974
13235,RGI2000-v7.0-G-01-21979
13236,RGI2000-v7.0-G-01-21980
13237,RGI2000-v7.0-G-01-21987
13238,RGI2000-v7.0-G-01-21994
13239,RGI2000-v7.0-G-01-21996
13240,RGI2000-v7.0-G-01-21997
13241,RGI2000-v7.0-G-01-21999
13242,RGI2000-v7.0-G-01-22000
13243,RGI2000-v7.0-G-01-22006
13244,RGI2000-v7.0-G-01-22007
13245,RGI2000-v7.0-G-01-22010
13246,RGI2000-v7.0-G-01-22015
13247,RGI2000-v7.0-G-01-22019
13248,RGI2000-v7.0-G-01-22026
13249,RGI2000-v7.0-G-01-22027
13250,RGI2000-v7.0-G-01-22028
13251,RGI2000-v7.0-G-01-22029
13252,RGI2000-v7.0-G-01-22032
13253,RGI2000-v7.0-G-01-22044
13254,RGI2000-v7.0-G-01-22046
13255,RGI2000-v7.0-G-01-22050
13256,RGI2000-v7.0-G-01-22052
13257,RGI2000-v7.0-G-01-22054
13258,RGI2000-v7.0-G-01-22060
13259,RGI2000-v7.0-G-01-22061
13260,RGI2000-v7.0-G-01-22063
13261,RGI2000-v7.0-G-01-22067
13262,RGI2000-v7.0-G-01-22069
13263,RGI2000-v7.0-G-01-22071
13264,RGI2000-v7.0-G-01-22072
13265,RGI2000-v7.0-G-01-22073
13266,RGI2000-v7.0-G-01-22075
13267,RGI2000-v7.0-G-01-22078
13268,RGI2000-v7.0-G-01-22079
13269,RGI2000-v7.0-G-01-22084
13270,RGI2000-v7.0-G-01-22086
13271,RGI2000-v7.0-G-01-22097
13272,RGI2000-v7.0-G-01-22103
13273,RGI2000-v7.0-G-01-22107
13274,RGI2000-v7.0-G-01-22109
13275,RGI2000-v7.0-G-01-22116
13276,RGI2000-v7.0-G-01-22120
13277,RGI2000-v7.0-G-01-22125
13278,RGI2000-v7.0-G-01-22129
13279,RGI2000-v7.0-G-01-22132
13280,RGI2000-v7.0-G-01-22134
13281,RGI2000-v7.0-G-01-22137
13282,RGI2000-v7.0-G-01-22138
13283,RGI2000-v7.0-G-01-22141
13284,RGI2000-v7.0-G-01-22143
13285,RGI2000-v7.0-G-01-22146
13286,RGI2000-v7.0-G-01-22151
13287,RGI2000-v7.0-G-01-22152
13288,RGI2000-v7.0-G-01-22154
13289,RGI2000-v7.0-G-01-22158
13290,RGI2000-v7.0-G-01-22161
13291,RGI2000-v7.0-G-01-22168
13292,RGI2000-v7.0-G-01-22170
13293,RGI2000-v7.0-G-01-22173
13294,RGI2000-v7.0-G-01-22176
13295,RGI2000-v7.0-G-01-22183
13296,RGI2000-v7.0-G-01-22188
13297,RGI2000-v7.0-G-01-22189
13298,RGI2000-v7.0-G-01-22190
13299,RGI2000-v7.0-G-01-22191
13300,RGI2000-v7.0-G-01-22192
13301,RGI2000-v7.0-G-01-22198
13302,RGI2000-v7.0-G-01-22199
13303,RGI2000-v7.0-G-01-22203
13304,RGI2000-v7.0-G-01-22204
13305,RGI2000-v7.0-G-01-22206
13306,RGI2000-v7.0-G-01-22215
13307,RGI2000-v7.0-G-01-22217
13308,RGI2000-v7.0-G-01-22219
13309,RGI2000-v7.0-G-01-22224
13310,RGI2000-v7.0-G-01-22231
13311,RGI2000-v7.0-G-01-22233
13312,RGI2000-v7.0-G-01-22235
13313,RGI2000-v7.0-G-01-22246
13314,RGI2000-v7.0-G-01-22247
13315,RGI2000-v7.0-G-01-22253
13316,RGI2000-v7.0-G-01-22255
13317,RGI2000-v7.0-G-01-22257
13318,RGI2000-v7.0-G-01-22265
13319,RGI2000-v7.0-G-01-22268
13320,RGI2000-v7.0-G-01-22273
13321,RGI2000-v7.0-G-01-22276
13322,RGI2000-v7.0-G-01-22278
13323,RGI2000-v7.0-G-01-22279
13324,RGI2000-v7.0-G-01-22286
13325,RGI2000-v7.0-G-01-22289
13326,RGI2000-v7.0-G-01-22290
13327,RGI2000-v7.0-G-01-22291
13328,RGI2000-v7.0-G-01-22292
13329,RGI2000-v7.0-G-01-22300
13330,RGI2000-v7.0-G-01-22301
13331,RGI2000-v7.0-G-01-22306
13332,RGI2000-v7.0-G-01-22307
13333,RGI2000-v7.0-G-01-22309
13334,RGI2000-v7.0-G-01-22311
13335,RGI2000-v7.0-G-01-22312
13336,RGI2000-v7.0-G-01-22314
13337,RGI2000-v7.0-G-01-22318
13338,RGI2000-v7.0-G-01-22322
13339,RGI2000-v7.0-G-01-22332
13340,RGI2000-v7.0-G-01-22337
13341,RGI2000-v7.0-G-01-22341
13342,RGI2000-v7.0-G-01-22342
13343,RGI2000-v7.0-G-01-22343
13344,RGI2000-v7.0-G-01-22344
13345,RGI2000-v7.0-G-01-22346
13346,RGI2000-v7.0-G-01-22348
13347,RGI2000-v7.0-G-01-22349
13348,RGI2000-v7.0-G-01-22350
13349,RGI2000-v7.0-G-01-22355
13350,RGI2000-v7.0-G-01-22374
13351,RGI2000-v7.0-G-01-22375
13352,RGI2000-v7.0-G-01-22379
13353,RGI2000-v7.0-G-01-22383
13354,RGI2000-v7.0-G-01-22384
13355,RGI2000-v7.0-G-01-22385
13356,RGI2000-v7.0-G-01-22386
13357,RGI2000-v7.0-G-01-22389
13358,RGI2000-v7.0-G-01-22391
13359,RGI2000-v7.0-G-01-22392
13360,RGI2000-v7.0-G-01-22395
13361,RGI2000-v7.0-G-01-22408
13362,RGI2000-v7.0-G-01-22416
13363,RGI2000-v7.0-G-01-22420
13364,RGI2000-v7.0-G-01-22422
13365,RGI2000-v7.0-G-01-22423
13366,RGI2000-v7.0-G-01-22424
13367,RGI2000-v7.0-G-01-22425
13368,RGI2000-v7.0-G-01-22427
13369,RGI2000-v7.0-G-01-22433
13370,RGI2000-v7.0-G-01-22438
13371,RGI2000-v7.0-G-01-22444
13372,RGI2000-v7.0-G-01-22447
13373,RGI2000-v7.0-G-01-22452
13374,RGI2000-v7.0-G-01-22463
13375,RGI2000-v7.0-G-01-22464
13376,RGI2000-v7.0-G-01-22471
13377,RGI2000-v7.0-G-01-22476
13378,RGI2000-v7.0-G-01-22479
13379,RGI2000-v7.0-G-01-22480
13380,RGI2000-v7.0-G-01-22482
13381,RGI2000-v7.0-G-01-22483
13382,RGI2000-v7.0-G-01-22485
13383,RGI2000-v7.0-G-01-22488
13384,RGI2000-v7.0-G-01-22491
13385,RGI2000-v7.0-G-01-22497
13386,RGI2000-v7.0-G-01-22498
13387,RGI2000-v7.0-G-01-22499
13388,RGI2000-v7.0-G-01-22500
13389,RGI2000-v7.0-G-01-22513
13390,RGI2000-v7.0-G-01-22518
13391,RGI2000-v7.0-G-01-22521
13392,RGI2000-v7.0-G-01-22523
13393,RGI2000-v7.0-G-01-22529
13394,RGI2000-v7.0-G-01-22535
13395,RGI2000-v7.0-G-01-22537
13396,RGI2000-v7.0-G-01-22540
13397,RGI2000-v7.0-G-01-22541
13398,RGI2000-v7.0-G-01-22542
13399,RGI2000-v7.0-G-01-22544
13400,RGI2000-v7.0-G-01-22546
13401,RGI2000-v7.0-G-01-22558
13402,RGI2000-v7.0-G-01-22564
13403,RGI2000-v7.0-G-01-22565
13404,RGI2000-v7.0-G-01-22566
13405,RGI2000-v7.0-G-01-22567
13406,RGI2000-v7.0-G-01-22569
13407,RGI2000-v7.0-G-01-22570
13408,RGI2000-v7.0-G-01-22587
13409,RGI2000-v7.0-G-01-22590
13410,RGI2000-v7.0-G-01-22596
13411,RGI2000-v7.0-G-01-22597
13412,RGI2000-v7.0-G-01-22606
13413,RGI2000-v7.0-G-01-22618
13414,RGI2000-v7.0-G-01-22619
13415,RGI2000-v7.0-G-01-22634
13416,RGI2000-v7.0-G-01-22644
13417,RGI2000-v7.0-G-01-22645
13418,RGI2000-v7.0-G-01-22646
13419,RGI2000-v7.0-G-01-22653
13420,RGI2000-v7.0-G-01-22657
13421,RGI2000-v7.0-G-01-22669
13422,RGI2000-v7.0-G-01-22674
13423,RGI2000-v7.0-G-01-22715
13424,RGI2000-v7.0-G-01-22726
13425,RGI2000-v7.0-G-01-22728
13426,RGI2000-v7.0-G-01-22736
13427,RGI2000-v7.0-G-01-22737
13428,RGI2000-v7.0-G-01-22738
13429,RGI2000-v7.0-G-01-22741
13430,RGI2000-v7.0-G-01-22742
13431,RGI2000-v7.0-G-01-22744
13432,RGI2000-v7.0-G-01-22745
13433,RGI2000-v7.0-G-01-22747
13434,RGI2000-v7.0-G-01-22749
13435,RGI2000-v7.0-G-01-22753
13436,RGI2000-v7.0-G-01-22756
13437,RGI2000-v7.0-G-01-22757
13438,RGI2000-v7.0-G-01-22760
13439,RGI2000-v7.0-G-01-22761
13440,RGI2000-v7.0-G-01-22776
13441,RGI2000-v7.0-G-01-22785
13442,RGI2000-v7.0-G-01-22793
13443,RGI2000-v7.0-G-01-22794
13444,RGI2000-v7.0-G-01-22795
13445,RGI2000-v7.0-G-01-22796
13446,RGI2000-v7.0-G-01-22797
13447,RGI2000-v7.0-G-01-22799
13448,RGI2000-v7.0-G-01-22800
13449,RGI2000-v7.0-G-01-22802
13450,RGI2000-v7.0-G-01-22819
13451,RGI2000-v7.0-G-01-22822
13452,RGI2000-v7.0-G-01-22823
13453,RGI2000-v7.0-G-01-22824
13454,RGI2000-v7.0-G-01-22828
13455,RGI2000-v7.0-G-01-22830
13456,RGI2000-v7.0-G-01-22836
13457,RGI2000-v7.0-G-01-22842
13458,RGI2000-v7.0-G-01-22843
13459,RGI2000-v7.0-G-01-22844
13460,RGI2000-v7.0-G-01-22845
13461,RGI2000-v7.0-G-01-22847
13462,RGI2000-v7.0-G-01-22848
13463,RGI2000-v7.0-G-01-22851
13464,RGI2000-v7.0-G-01-22853
13465,RGI2000-v7.0-G-01-22854
13466,RGI2000-v7.0-G-01-22856
13467,RGI2000-v7.0-G-01-22857
13468,RGI2000-v7.0-G-01-22858
13469,RGI2000-v7.0-G-01-22866
13470,RGI2000-v7.0-G-01-22867
13471,RGI2000-v7.0-G-01-22872
13472,RGI2000-v7.0-G-01-22873
13473,RGI2000-v7.0-G-01-22878
13474,RGI2000-v7.0-G-01-22883
13475,RGI2000-v7.0-G-01-22887
13476,RGI2000-v7.0-G-01-22891
13477,RGI2000-v7.0-G-01-22895
13478,RGI2000-v7.0-G-01-22898
13479,RGI2000-v7.0-G-01-22903
13480,RGI2000-v7.0-G-01-22910
13481,RGI2000-v7.0-G-01-22913
13482,RGI2000-v7.0-G-01-22923
13483,RGI2000-v7.0-G-01-22936
13484,RGI2000-v7.0-G-01-22940
13485,RGI2000-v7.0-G-01-22941
13486,RGI2000-v7.0-G-01-22943
13487,RGI2000-v7.0-G-01-22954
13488,RGI2000-v7.0-G-01-22955
13489,RGI2000-v7.0-G-01-22956
13490,RGI2000-v7.0-G-01-22959
13491,RGI2000-v7.0-G-01-22960
13492,RGI2000-v7.0-G-01-22961
13493,RGI2000-v7.0-G-01-22962
13494,RGI2000-v7.0-G-01-22969
13495,RGI2000-v7.0-G-01-22976
13496,RGI2000-v7.0-G-01-22977
13497,RGI2000-v7.0-G-01-22978
13498,RGI2000-v7.0-G-01-22979
13499,RGI2000-v7.0-G-01-22981
13500,RGI2000-v7.0-G-01-22983
13501,RGI2000-v7.0-G-01-22992
13502,RGI2000-v7.0-G-01-22996
13503,RGI2000-v7.0-G-01-22997
13504,RGI2000-v7.0-G-01-23000
13505,RGI2000-v7.0-G-01-23001
13506,RGI2000-v7.0-G-01-23004
13507,RGI2000-v7.0-G-01-23008
13508,RGI2000-v7.0-G-01-23013
13509,RGI2000-v7.0-G-01-23016
13510,RGI2000-v7.0-G-01-23019
13511,RGI2000-v7.0-G-01-23026
13512,RGI2000-v7.0-G-01-23032
13513,RGI2000-v7.0-G-01-23035
13514,RGI2000-v7.0-G-01-23041
13515,RGI2000-v7.0-G-01-23044
13516,RGI2000-v7.0-G-01-23045
13517,RGI2000-v7.0-G-01-23047
13518,RGI2000-v7.0-G-01-23050
13519,RGI2000-v7.0-G-01-23055
13520,RGI2000-v7.0-G-01-23058
13521,RGI2000-v7.0-G-01-23059
13522,RGI2000-v7.0-G-01-23061
13523,RGI2000-v7.0-G-01-23064
13524,RGI2000-v7.0-G-01-23065
13525,RGI2000-v7.0-G-01-23066
13526,RGI2000-v7.0-G-01-23069
13527,RGI2000-v7.0-G-01-23075
13528,RGI2000-v7.0-G-01-23084
13529,RGI2000-v7.0-G-01-23085
13530,RGI2000-v7.0-G-01-23086
13531,RGI2000-v7.0-G-01-23087
13532,RGI2000-v7.0-G-01-23094
13533,RGI2000-v7.0-G-01-23098
13534,RGI2000-v7.0-G-01-23099
13535,RGI2000-v7.0-G-01-23100
13536,RGI2000-v7.0-G-01-23105
13537,RGI2000-v7.0-G-01-23107
13538,RGI2000-v7.0-G-01-23111
13539,RGI2000-v7.0-G-01-23119
13540,RGI2000-v7.0-G-01-23123
13541,RGI2000-v7.0-G-01-23129
13542,RGI2000-v7.0-G-01-23131
13543,RGI2000-v7.0-G-01-23134
13544,RGI2000-v7.0-G-01-23137
13545,RGI2000-v7.0-G-01-23138
13546,RGI2000-v7.0-G-01-23139
13547,RGI2000-v7.0-G-01-23142
13548,RGI2000-v7.0-G-01-23145
13549,RGI2000-v7.0-G-01-23147
13550,RGI2000-v7.0-G-01-23149
13551,RGI2000-v7.0-G-01-23153
13552,RGI2000-v7.0-G-01-23157
13553,RGI2000-v7.0-G-01-23165
13554,RGI2000-v7.0-G-01-23169
13555,RGI2000-v7.0-G-01-23176
13556,RGI2000-v7.0-G-01-23178
13557,RGI2000-v7.0-G-01-23179
13558,RGI2000-v7.0-G-01-23182
13559,RGI2000-v7.0-G-01-23183
13560,RGI2000-v7.0-G-01-23187
13561,RGI2000-v7.0-G-01-23188
13562,RGI2000-v7.0-G-01-23192
13563,RGI2000-v7.0-G-01-23195
13564,RGI2000-v7.0-G-01-23198
13565,RGI2000-v7.0-G-01-23200
13566,RGI2000-v7.0-G-01-23201
13567,RGI2000-v7.0-G-01-23202
13568,RGI2000-v7.0-G-01-23206
13569,RGI2000-v7.0-G-01-23218
13570,RGI2000-v7.0-G-01-23221
13571,RGI2000-v7.0-G-01-23226
13572,RGI2000-v7.0-G-01-23237
13573,RGI2000-v7.0-G-01-23241
13574,RGI2000-v7.0-G-01-23247
13575,RGI2000-v7.0-G-01-23252
13576,RGI2000-v7.0-G-01-23257
13577,RGI2000-v7.0-G-01-23261
13578,RGI2000-v7.0-G-01-23265
13579,RGI2000-v7.0-G-01-23288
13580,RGI2000-v7.0-G-01-23306
13581,RGI2000-v7.0-G-01-23329
13582,RGI2000-v7.0-G-01-23389
13583,RGI2000-v7.0-G-01-23398
13584,RGI2000-v7.0-G-01-23410
13585,RGI2000-v7.0-G-01-23415
13586,RGI2000-v7.0-G-01-23416
13587,RGI2000-v7.0-G-01-23423
13588,RGI2000-v7.0-G-01-23425
13589,RGI2000-v7.0-G-01-23428
13590,RGI2000-v7.0-G-01-23430
13591,RGI2000-v7.0-G-01-23432
13592,RGI2000-v7.0-G-01-23442
13593,RGI2000-v7.0-G-01-23445
13594,RGI2000-v7.0-G-01-23446
13595,RGI2000-v7.0-G-01-23447
13596,RGI2000-v7.0-G-01-23449
13597,RGI2000-v7.0-G-01-23451
13598,RGI2000-v7.0-G-01-23480
13599,RGI2000-v7.0-G-01-23483
13600,RGI2000-v7.0-G-01-23494
13601,RGI2000-v7.0-G-01-23496
13602,RGI2000-v7.0-G-01-23498
13603,RGI2000-v7.0-G-01-23500
13604,RGI2000-v7.0-G-01-23502
13605,RGI2000-v7.0-G-01-23504
13606,RGI2000-v7.0-G-01-23505
13607,RGI2000-v7.0-G-01-23506
13608,RGI2000-v7.0-G-01-23507
13609,RGI2000-v7.0-G-01-23508
13610,RGI2000-v7.0-G-01-23510
13611,RGI2000-v7.0-G-01-23511
13612,RGI2000-v7.0-G-01-23535
13613,RGI2000-v7.0-G-01-23537
13614,RGI2000-v7.0-G-01-23538
13615,RGI2000-v7.0-G-01-23558
13616,RGI2000-v7.0-G-01-23560
13617,RGI2000-v7.0-G-01-23563
13618,RGI2000-v7.0-G-01-23565
13619,RGI2000-v7.0-G-01-23570
13620,RGI2000-v7.0-G-01-23579
13621,RGI2000-v7.0-G-01-23597
13622,RGI2000-v7.0-G-01-23599
13623,RGI2000-v7.0-G-01-23605
13624,RGI2000-v7.0-G-01-23606
13625,RGI2000-v7.0-G-01-23607
13626,RGI2000-v7.0-G-01-23608
13627,RGI2000-v7.0-G-01-23613
13628,RGI2000-v7.0-G-01-23617
13629,RGI2000-v7.0-G-01-23624
13630,RGI2000-v7.0-G-01-23634
13631,RGI2000-v7.0-G-01-23635
13632,RGI2000-v7.0-G-01-23636
13633,RGI2000-v7.0-G-01-23637
13634,RGI2000-v7.0-G-01-23639
13635,RGI2000-v7.0-G-01-23649
13636,RGI2000-v7.0-G-01-23659
13637,RGI2000-v7.0-G-01-23668
13638,RGI2000-v7.0-G-01-23669
13639,RGI2000-v7.0-G-01-23679
13640,RGI2000-v7.0-G-01-23680
13641,RGI2000-v7.0-G-01-23701
13642,RGI2000-v7.0-G-01-23702
13643,RGI2000-v7.0-G-01-23703
13644,RGI2000-v7.0-G-01-23705
13645,RGI2000-v7.0-G-01-23711
13646,RGI2000-v7.0-G-01-23713
13647,RGI2000-v7.0-G-01-23716
13648,RGI2000-v7.0-G-01-23717
13649,RGI2000-v7.0-G-01-23725
13650,RGI2000-v7.0-G-01-23747
13651,RGI2000-v7.0-G-01-23750
13652,RGI2000-v7.0-G-01-23760
13653,RGI2000-v7.0-G-01-23764
13654,RGI2000-v7.0-G-01-23769
13655,RGI2000-v7.0-G-01-23771
13656,RGI2000-v7.0-G-01-23786
13657,RGI2000-v7.0-G-01-23788
13658,RGI2000-v7.0-G-01-23789
13659,RGI2000-v7.0-G-01-23790
13660,RGI2000-v7.0-G-01-23791
13661,RGI2000-v7.0-G-01-23792
13662,RGI2000-v7.0-G-01-23800
13663,RGI2000-v7.0-G-01-23803
13664,RGI2000-v7.0-G-01-23814
13665,RGI2000-v7.0-G-01-23823
13666,RGI2000-v7.0-G-01-23824
13667,RGI2000-v7.0-G-01-23825
13668,RGI2000-v7.0-G-01-23837
13669,RGI2000-v7.0-G-01-23840
13670,RGI2000-v7.0-G-01-23842
13671,RGI2000-v7.0-G-01-23853
13672,RGI2000-v7.0-G-01-23859
13673,RGI2000-v7.0-G-01-23860
13674,RGI2000-v7.0-G-01-23862
13675,RGI2000-v7.0-G-01-23864
13676,RGI2000-v7.0-G-01-23867
13677,RGI2000-v7.0-G-01-23868
13678,RGI2000-v7.0-G-01-23871
13679,RGI2000-v7.0-G-01-23872
13680,RGI2000-v7.0-G-01-23894
13681,RGI2000-v7.0-G-01-23898
13682,RGI2000-v7.0-G-01-23911
13683,RGI2000-v7.0-G-01-23917
13684,RGI2000-v7.0-G-01-23920
13685,RGI2000-v7.0-G-01-23922
13686,RGI2000-v7.0-G-01-23931
13687,RGI2000-v7.0-G-01-23935
13688,RGI2000-v7.0-G-01-23936
13689,RGI2000-v7.0-G-01-23937
13690,RGI2000-v7.0-G-01-23941
13691,RGI2000-v7.0-G-01-23942
13692,RGI2000-v7.0-G-01-23987
13693,RGI2000-v7.0-G-01-23991
13694,RGI2000-v7.0-G-01-23993
13695,RGI2000-v7.0-G-01-24002
13696,RGI2000-v7.0-G-01-24006
13697,RGI2000-v7.0-G-01-24018
13698,RGI2000-v7.0-G-01-24019
13699,RGI2000-v7.0-G-01-24026
13700,RGI2000-v7.0-G-01-24029
13701,RGI2000-v7.0-G-01-24037
13702,RGI2000-v7.0-G-01-24038
13703,RGI2000-v7.0-G-01-24040
13704,RGI2000-v7.0-G-01-24044
13705,RGI2000-v7.0-G-01-24051
13706,RGI2000-v7.0-G-01-24063
13707,RGI2000-v7.0-G-01-24067
13708,RGI2000-v7.0-G-01-24068
13709,RGI2000-v7.0-G-01-24078
13710,RGI2000-v7.0-G-01-24084
13711,RGI2000-v7.0-G-01-24089
13712,RGI2000-v7.0-G-01-24095
13713,RGI2000-v7.0-G-01-24096
13714,RGI2000-v7.0-G-01-24105
13715,RGI2000-v7.0-G-01-24106
13716,RGI2000-v7.0-G-01-24119
13717,RGI2000-v7.0-G-01-24123
13718,RGI2000-v7.0-G-01-24124
13719,RGI2000-v7.0-G-01-24146
13720,RGI2000-v7.0-G-01-24175
13721,RGI2000-v7.0-G-01-24183
13722,RGI2000-v7.0-G-01-24197
13723,RGI2000-v7.0-G-01-24208
13724,RGI2000-v7.0-G-01-24209
13725,RGI2000-v7.0-G-01-24245
13726,RGI2000-v7.0-G-01-24249
13727,RGI2000-v7.0-G-01-24252
13728,RGI2000-v7.0-G-01-24253
13729,RGI2000-v7.0-G-01-24259
13730,RGI2000-v7.0-G-01-24265
13731,RGI2000-v7.0-G-01-24271
13732,RGI2000-v7.0-G-01-24278
13733,RGI2000-v7.0-G-01-24282
13734,RGI2000-v7.0-G-01-24284
13735,RGI2000-v7.0-G-01-24295
13736,RGI2000-v7.0-G-01-24296
13737,RGI2000-v7.0-G-01-24297
13738,RGI2000-v7.0-G-01-24306
13739,RGI2000-v7.0-G-01-24322
13740,RGI2000-v7.0-G-01-24325
13741,RGI2000-v7.0-G-01-24326
13742,RGI2000-v7.0-G-01-24327
13743,RGI2000-v7.0-G-01-24328
13744,RGI2000-v7.0-G-01-24330
13745,RGI2000-v7.0-G-01-24332
13746,RGI2000-v7.0-G-01-24334
13747,RGI2000-v7.0-G-01-24335
13748,RGI2000-v7.0-G-01-24338
13749,RGI2000-v7.0-G-01-24348
13750,RGI2000-v7.0-G-01-24350
13751,RGI2000-v7.0-G-01-24354
13752,RGI2000-v7.0-G-01-24362
13753,RGI2000-v7.0-G-01-24366
13754,RGI2000-v7.0-G-01-24368
13755,RGI2000-v7.0-G-01-24371
13756,RGI2000-v7.0-G-01-24375
13757,RGI2000-v7.0-G-01-24382
13758,RGI2000-v7.0-G-01-24390
13759,RGI2000-v7.0-G-01-24391
13760,RGI2000-v7.0-G-01-24399
13761,RGI2000-v7.0-G-01-24400
13762,RGI2000-v7.0-G-01-24401
13763,RGI2000-v7.0-G-01-24404
13764,RGI2000-v7.0-G-01-24405
13765,RGI2000-v7.0-G-01-24411
13766,RGI2000-v7.0-G-01-24413
13767,RGI2000-v7.0-G-01-24436
13768,RGI2000-v7.0-G-01-24437
13769,RGI2000-v7.0-G-01-24443
13770,RGI2000-v7.0-G-01-24444
13771,RGI2000-v7.0-G-01-24447
13772,RGI2000-v7.0-G-01-24452
13773,RGI2000-v7.0-G-01-24459
13774,RGI2000-v7.0-G-01-24461
13775,RGI2000-v7.0-G-01-24463
13776,RGI2000-v7.0-G-01-24466
13777,RGI2000-v7.0-G-01-24474
13778,RGI2000-v7.0-G-01-24487
13779,RGI2000-v7.0-G-01-24495
13780,RGI2000-v7.0-G-01-24499
13781,RGI2000-v7.0-G-01-24500
13782,RGI2000-v7.0-G-01-24504
13783,RGI2000-v7.0-G-01-24524
13784,RGI2000-v7.0-G-01-24528
13785,RGI2000-v7.0-G-01-24539
13786,RGI2000-v7.0-G-01-24543
13787,RGI2000-v7.0-G-01-24551
13788,RGI2000-v7.0-G-01-24556
13789,RGI2000-v7.0-G-01-24559
13790,RGI2000-v7.0-G-01-24567
13791,RGI2000-v7.0-G-01-24576
13792,RGI2000-v7.0-G-01-24578
13793,RGI2000-v7.0-G-01-24612
13794,RGI2000-v7.0-G-01-24614
13795,RGI2000-v7.0-G-01-24633
13796,RGI2000-v7.0-G-01-24693
13797,RGI2000-v7.0-G-01-24702
13798,RGI2000-v7.0-G-01-24704
13799,RGI2000-v7.0-G-01-24708
13800,RGI2000-v7.0-G-01-24709
13801,RGI2000-v7.0-G-01-24710
13802,RGI2000-v7.0-G-01-24711
13803,RGI2000-v7.0-G-01-24717
13804,RGI2000-v7.0-G-01-24726
13805,RGI2000-v7.0-G-01-24729
13806,RGI2000-v7.0-G-01-24761
13807,RGI2000-v7.0-G-01-24771
13808,RGI2000-v7.0-G-01-24773
13809,RGI2000-v7.0-G-01-24777
13810,RGI2000-v7.0-G-01-24778
13811,RGI2000-v7.0-G-01-24779
13812,RGI2000-v7.0-G-01-24780
13813,RGI2000-v7.0-G-01-24785
13814,RGI2000-v7.0-G-01-24789
13815,RGI2000-v7.0-G-01-24803
13816,RGI2000-v7.0-G-01-24804
13817,RGI2000-v7.0-G-01-24805
13818,RGI2000-v7.0-G-01-24806
13819,RGI2000-v7.0-G-01-24807
13820,RGI2000-v7.0-G-01-24809
13821,RGI2000-v7.0-G-01-24812
13822,RGI2000-v7.0-G-01-24814
13823,RGI2000-v7.0-G-01-24815
13824,RGI2000-v7.0-G-01-24816
13825,RGI2000-v7.0-G-01-24819
13826,RGI2000-v7.0-G-01-24823
13827,RGI2000-v7.0-G-01-24834
13828,RGI2000-v7.0-G-01-24836
13829,RGI2000-v7.0-G-01-24837
13830,RGI2000-v7.0-G-01-24840
13831,RGI2000-v7.0-G-01-24843
13832,RGI2000-v7.0-G-01-24852
13833,RGI2000-v7.0-G-01-24853
13834,RGI2000-v7.0-G-01-24856
13835,RGI2000-v7.0-G-01-24857
13836,RGI2000-v7.0-G-01-24863
13837,RGI2000-v7.0-G-01-24864
13838,RGI2000-v7.0-G-01-24866
13839,RGI2000-v7.0-G-01-24874
13840,RGI2000-v7.0-G-01-24876
13841,RGI2000-v7.0-G-01-24878
13842,RGI2000-v7.0-G-01-24879
13843,RGI2000-v7.0-G-01-24881
13844,RGI2000-v7.0-G-01-24890
13845,RGI2000-v7.0-G-01-24891
13846,RGI2000-v7.0-G-01-24894
13847,RGI2000-v7.0-G-01-24898
13848,RGI2000-v7.0-G-01-24899
13849,RGI2000-v7.0-G-01-24900
13850,RGI2000-v7.0-G-01-24903
13851,RGI2000-v7.0-G-01-24905
13852,RGI2000-v7.0-G-01-24906
13853,RGI2000-v7.0-G-01-24909
13854,RGI2000-v7.0-G-01-24910
13855,RGI2000-v7.0-G-01-24912
13856,RGI2000-v7.0-G-01-24914
13857,RGI2000-v7.0-G-01-24915
13858,RGI2000-v7.0-G-01-24917
13859,RGI2000-v7.0-G-01-24920
13860,RGI2000-v7.0-G-01-24928
13861,RGI2000-v7.0-G-01-24933
13862,RGI2000-v7.0-G-01-24937
13863,RGI2000-v7.0-G-01-24940
13864,RGI2000-v7.0-G-01-24945
13865,RGI2000-v7.0-G-01-24955
13866,RGI2000-v7.0-G-01-24965
13867,RGI2000-v7.0-G-01-24970
13868,RGI2000-v7.0-G-01-24974
13869,RGI2000-v7.0-G-01-24975
13870,RGI2000-v7.0-G-01-24976
13871,RGI2000-v7.0-G-01-24981
13872,RGI2000-v7.0-G-01-24982
13873,RGI2000-v7.0-G-01-24984
13874,RGI2000-v7.0-G-01-24985
13875,RGI2000-v7.0-G-01-24987
13876,RGI2000-v7.0-G-01-24991
13877,RGI2000-v7.0-G-01-24992
13878,RGI2000-v7.0-G-01-24993
13879,RGI2000-v7.0-G-01-24994
13880,RGI2000-v7.0-G-01-24995
13881,RGI2000-v7.0-G-01-24996
13882,RGI2000-v7.0-G-01-25006
13883,RGI2000-v7.0-G-01-25012
13884,RGI2000-v7.0-G-01-25047
13885,RGI2000-v7.0-G-01-25048
13886,RGI2000-v7.0-G-01-25052
13887,RGI2000-v7.0-G-01-25054
13888,RGI2000-v7.0-G-01-25060
13889,RGI2000-v7.0-G-01-25062
13890,RGI2000-v7.0-G-01-25063
13891,RGI2000-v7.0-G-01-25072
13892,RGI2000-v7.0-G-01-25073
13893,RGI2000-v7.0-G-01-25074
13894,RGI2000-v7.0-G-01-25076
13895,RGI2000-v7.0-G-01-25082
13896,RGI2000-v7.0-G-01-25085
13897,RGI2000-v7.0-G-01-25086
13898,RGI2000-v7.0-G-01-25090
13899,RGI2000-v7.0-G-01-25098
13900,RGI2000-v7.0-G-01-25099
13901,RGI2000-v7.0-G-01-25101
13902,RGI2000-v7.0-G-01-25106
13903,RGI2000-v7.0-G-01-25109
13904,RGI2000-v7.0-G-01-25113
13905,RGI2000-v7.0-G-01-25115
13906,RGI2000-v7.0-G-01-25116
13907,RGI2000-v7.0-G-01-25118
13908,RGI2000-v7.0-G-01-25119
13909,RGI2000-v7.0-G-01-25122
13910,RGI2000-v7.0-G-01-25125
13911,RGI2000-v7.0-G-01-25127
13912,RGI2000-v7.0-G-01-25148
13913,RGI2000-v7.0-G-01-25151
13914,RGI2000-v7.0-G-01-25153
13915,RGI2000-v7.0-G-01-25154
13916,RGI2000-v7.0-G-01-25155
13917,RGI2000-v7.0-G-01-25164
13918,RGI2000-v7.0-G-01-25165
13919,RGI2000-v7.0-G-01-25172
13920,RGI2000-v7.0-G-01-25174
13921,RGI2000-v7.0-G-01-25179
13922,RGI2000-v7.0-G-01-25223
13923,RGI2000-v7.0-G-01-25227
13924,RGI2000-v7.0-G-01-25229
13925,RGI2000-v7.0-G-01-25230
13926,RGI2000-v7.0-G-01-25253
13927,RGI2000-v7.0-G-01-25280
13928,RGI2000-v7.0-G-01-25282
13929,RGI2000-v7.0-G-01-25284
13930,RGI2000-v7.0-G-01-25293
13931,RGI2000-v7.0-G-01-25295
13932,RGI2000-v7.0-G-01-25306
13933,RGI2000-v7.0-G-01-25314
13934,RGI2000-v7.0-G-01-25315
13935,RGI2000-v7.0-G-01-25383
13936,RGI2000-v7.0-G-01-25385
13937,RGI2000-v7.0-G-01-25386
13938,RGI2000-v7.0-G-01-25390
13939,RGI2000-v7.0-G-01-25392
13940,RGI2000-v7.0-G-01-25393
13941,RGI2000-v7.0-G-01-25394
13942,RGI2000-v7.0-G-01-25398
13943,RGI2000-v7.0-G-01-25400
13944,RGI2000-v7.0-G-01-25406
13945,RGI2000-v7.0-G-01-25436
13946,RGI2000-v7.0-G-01-25438
13947,RGI2000-v7.0-G-01-25452
13948,RGI2000-v7.0-G-01-25463
13949,RGI2000-v7.0-G-01-25471
13950,RGI2000-v7.0-G-01-25472
13951,RGI2000-v7.0-G-01-25518
13952,RGI2000-v7.0-G-01-25519
13953,RGI2000-v7.0-G-01-25542
13954,RGI2000-v7.0-G-01-25543
13955,RGI2000-v7.0-G-01-25554
13956,RGI2000-v7.0-G-01-25561
13957,RGI2000-v7.0-G-01-25567
13958,RGI2000-v7.0-G-01-25572
13959,RGI2000-v7.0-G-01-25573
13960,RGI2000-v7.0-G-01-25574
13961,RGI2000-v7.0-G-01-25578
13962,RGI2000-v7.0-G-01-25580
13963,RGI2000-v7.0-G-01-25583
13964,RGI2000-v7.0-G-01-25584
13965,RGI2000-v7.0-G-01-25589
13966,RGI2000-v7.0-G-01-25604
13967,RGI2000-v7.0-G-01-25632
13968,RGI2000-v7.0-G-01-25633
13969,RGI2000-v7.0-G-01-25634
13970,RGI2000-v7.0-G-01-25638
13971,RGI2000-v7.0-G-01-25643
13972,RGI2000-v7.0-G-01-25646
13973,RGI2000-v7.0-G-01-25647
13974,RGI2000-v7.0-G-01-25648
13975,RGI2000-v7.0-G-01-25652
13976,RGI2000-v7.0-G-01-25656
13977,RGI2000-v7.0-G-01-25658
13978,RGI2000-v7.0-G-01-25659
13979,RGI2000-v7.0-G-01-25665
13980,RGI2000-v7.0-G-01-25681
13981,RGI2000-v7.0-G-01-25686
13982,RGI2000-v7.0-G-01-25687
13983,RGI2000-v7.0-G-01-25695
13984,RGI2000-v7.0-G-01-25696
13985,RGI2000-v7.0-G-01-25699
13986,RGI2000-v7.0-G-01-25700
13987,RGI2000-v7.0-G-01-25701
13988,RGI2000-v7.0-G-01-25703
13989,RGI2000-v7.0-G-01-25705
13990,RGI2000-v7.0-G-01-25706
13991,RGI2000-v7.0-G-01-25736
13992,RGI2000-v7.0-G-01-25739
13993,RGI2000-v7.0-G-01-25743
13994,RGI2000-v7.0-G-01-25744
13995,RGI2000-v7.0-G-01-25745
13996,RGI2000-v7.0-G-01-25746
13997,RGI2000-v7.0-G-01-25747
13998,RGI2000-v7.0-G-01-25748
13999,RGI2000-v7.0-G-01-25753
14000,RGI2000-v7.0-G-01-25758
14001,RGI2000-v7.0-G-01-25767
14002,RGI2000-v7.0-G-01-25770
14003,RGI2000-v7.0-G-01-25771
14004,RGI2000-v7.0-G-01-25772
14005,RGI2000-v7.0-G-01-25773
14006,RGI2000-v7.0-G-01-25774
14007,RGI2000-v7.0-G-01-25776
14008,RGI2000-v7.0-G-01-25777
14009,RGI2000-v7.0-G-01-25783
14010,RGI2000-v7.0-G-01-25788
14011,RGI2000-v7.0-G-01-25790
14012,RGI2000-v7.0-G-01-25791
14013,RGI2000-v7.0-G-01-25794
14014,RGI2000-v7.0-G-01-25815
14015,RGI2000-v7.0-G-01-25816
14016,RGI2000-v7.0-G-01-25820
14017,RGI2000-v7.0-G-01-25823
14018,RGI2000-v7.0-G-01-25826
14019,RGI2000-v7.0-G-01-25830
14020,RGI2000-v7.0-G-01-25834
14021,RGI2000-v7.0-G-01-25838
14022,RGI2000-v7.0-G-01-25840
14023,RGI2000-v7.0-G-01-25842
14024,RGI2000-v7.0-G-01-25843
14025,RGI2000-v7.0-G-01-25846
14026,RGI2000-v7.0-G-01-25847
14027,RGI2000-v7.0-G-01-25848
14028,RGI2000-v7.0-G-01-25849
14029,RGI2000-v7.0-G-01-25860
14030,RGI2000-v7.0-G-01-25872
14031,RGI2000-v7.0-G-01-25875
14032,RGI2000-v7.0-G-01-25878
14033,RGI2000-v7.0-G-01-25884
14034,RGI2000-v7.0-G-01-25887
14035,RGI2000-v7.0-G-01-25894
14036,RGI2000-v7.0-G-01-25909
14037,RGI2000-v7.0-G-01-25918
14038,RGI2000-v7.0-G-01-25945
14039,RGI2000-v7.0-G-01-25950
14040,RGI2000-v7.0-G-01-25955
14041,RGI2000-v7.0-G-01-25958
14042,RGI2000-v7.0-G-01-25962
14043,RGI2000-v7.0-G-01-25967
14044,RGI2000-v7.0-G-01-25968
14045,RGI2000-v7.0-G-01-25979
14046,RGI2000-v7.0-G-01-25981
14047,RGI2000-v7.0-G-01-25985
14048,RGI2000-v7.0-G-01-25987
14049,RGI2000-v7.0-G-01-25993
14050,RGI2000-v7.0-G-01-25994
14051,RGI2000-v7.0-G-01-25999
14052,RGI2000-v7.0-G-01-26000
14053,RGI2000-v7.0-G-01-26013
14054,RGI2000-v7.0-G-01-26015
14055,RGI2000-v7.0-G-01-26017
14056,RGI2000-v7.0-G-01-26019
14057,RGI2000-v7.0-G-01-26021
14058,RGI2000-v7.0-G-01-26046
14059,RGI2000-v7.0-G-01-26047
14060,RGI2000-v7.0-G-01-26050
14061,RGI2000-v7.0-G-01-26052
14062,RGI2000-v7.0-G-01-26064
14063,RGI2000-v7.0-G-01-26067
14064,RGI2000-v7.0-G-01-26073
14065,RGI2000-v7.0-G-01-26079
14066,RGI2000-v7.0-G-01-26081
14067,RGI2000-v7.0-G-01-26088
14068,RGI2000-v7.0-G-01-26089
14069,RGI2000-v7.0-G-01-26091
14070,RGI2000-v7.0-G-01-26096
14071,RGI2000-v7.0-G-01-26097
14072,RGI2000-v7.0-G-01-26098
14073,RGI2000-v7.0-G-01-26106
14074,RGI2000-v7.0-G-01-26109
14075,RGI2000-v7.0-G-01-26111
14076,RGI2000-v7.0-G-01-26112
14077,RGI2000-v7.0-G-01-26114
14078,RGI2000-v7.0-G-01-26115
14079,RGI2000-v7.0-G-01-26116
14080,RGI2000-v7.0-G-01-26126
14081,RGI2000-v7.0-G-01-26133
14082,RGI2000-v7.0-G-01-26134
14083,RGI2000-v7.0-G-01-26135
14084,RGI2000-v7.0-G-01-26139
14085,RGI2000-v7.0-G-01-26150
14086,RGI2000-v7.0-G-01-26152
14087,RGI2000-v7.0-G-01-26153
14088,RGI2000-v7.0-G-01-26155
14089,RGI2000-v7.0-G-01-26157
14090,RGI2000-v7.0-G-01-26161
14091,RGI2000-v7.0-G-01-26162
14092,RGI2000-v7.0-G-01-26163
14093,RGI2000-v7.0-G-01-26169
14094,RGI2000-v7.0-G-01-26170
14095,RGI2000-v7.0-G-01-26173
14096,RGI2000-v7.0-G-01-26174
14097,RGI2000-v7.0-G-01-26175
14098,RGI2000-v7.0-G-01-26182
14099,RGI2000-v7.0-G-01-26183
14100,RGI2000-v7.0-G-01-26191
14101,RGI2000-v7.0-G-01-26197
14102,RGI2000-v7.0-G-01-26202
14103,RGI2000-v7.0-G-01-26203
14104,RGI2000-v7.0-G-01-26207
14105,RGI2000-v7.0-G-01-26208
14106,RGI2000-v7.0-G-01-26211
14107,RGI2000-v7.0-G-01-26215
14108,RGI2000-v7.0-G-01-26216
14109,RGI2000-v7.0-G-01-26217
14110,RGI2000-v7.0-G-01-26219
14111,RGI2000-v7.0-G-01-26235
14112,RGI2000-v7.0-G-01-26243
14113,RGI2000-v7.0-G-01-26249
14114,RGI2000-v7.0-G-01-26250
14115,RGI2000-v7.0-G-01-26257
14116,RGI2000-v7.0-G-01-26258
14117,RGI2000-v7.0-G-01-26261
14118,RGI2000-v7.0-G-01-26263
14119,RGI2000-v7.0-G-01-26264
14120,RGI2000-v7.0-G-01-26266
14121,RGI2000-v7.0-G-01-26273
14122,RGI2000-v7.0-G-01-26275
14123,RGI2000-v7.0-G-01-26279
14124,RGI2000-v7.0-G-01-26280
14125,RGI2000-v7.0-G-01-26281
14126,RGI2000-v7.0-G-01-26282
14127,RGI2000-v7.0-G-01-26283
14128,RGI2000-v7.0-G-01-26287
14129,RGI2000-v7.0-G-01-26294
14130,RGI2000-v7.0-G-01-26295
14131,RGI2000-v7.0-G-01-26299
14132,RGI2000-v7.0-G-01-26300
14133,RGI2000-v7.0-G-01-26306
14134,RGI2000-v7.0-G-01-26307
14135,RGI2000-v7.0-G-01-26310
14136,RGI2000-v7.0-G-01-26311
14137,RGI2000-v7.0-G-01-26314
14138,RGI2000-v7.0-G-01-26315
14139,RGI2000-v7.0-G-01-26317
14140,RGI2000-v7.0-G-01-26319
14141,RGI2000-v7.0-G-01-26320
14142,RGI2000-v7.0-G-01-26326
14143,RGI2000-v7.0-G-01-26327
14144,RGI2000-v7.0-G-01-26336
14145,RGI2000-v7.0-G-01-26338
14146,RGI2000-v7.0-G-01-26339
14147,RGI2000-v7.0-G-01-26341
14148,RGI2000-v7.0-G-01-26345
14149,RGI2000-v7.0-G-01-26347
14150,RGI2000-v7.0-G-01-26350
14151,RGI2000-v7.0-G-01-26359
14152,RGI2000-v7.0-G-01-26360
14153,RGI2000-v7.0-G-01-26364
14154,RGI2000-v7.0-G-01-26365
14155,RGI2000-v7.0-G-01-26375
14156,RGI2000-v7.0-G-01-26379
14157,RGI2000-v7.0-G-01-26380
14158,RGI2000-v7.0-G-01-26381
14159,RGI2000-v7.0-G-01-26384
14160,RGI2000-v7.0-G-01-26385
14161,RGI2000-v7.0-G-01-26386
14162,RGI2000-v7.0-G-01-26389
14163,RGI2000-v7.0-G-01-26391
14164,RGI2000-v7.0-G-01-26411
14165,RGI2000-v7.0-G-01-26412
14166,RGI2000-v7.0-G-01-26413
14167,RGI2000-v7.0-G-01-26416
14168,RGI2000-v7.0-G-01-26421
14169,RGI2000-v7.0-G-01-26423
14170,RGI2000-v7.0-G-01-26425
14171,RGI2000-v7.0-G-01-26426
14172,RGI2000-v7.0-G-01-26427
14173,RGI2000-v7.0-G-01-26440
14174,RGI2000-v7.0-G-01-26441
14175,RGI2000-v7.0-G-01-26449
14176,RGI2000-v7.0-G-01-26451
14177,RGI2000-v7.0-G-01-26453
14178,RGI2000-v7.0-G-01-26454
14179,RGI2000-v7.0-G-01-26458
14180,RGI2000-v7.0-G-01-26459
14181,RGI2000-v7.0-G-01-26461
14182,RGI2000-v7.0-G-01-26463
14183,RGI2000-v7.0-G-01-26469
14184,RGI2000-v7.0-G-01-26471
14185,RGI2000-v7.0-G-01-26476
14186,RGI2000-v7.0-G-01-26477
14187,RGI2000-v7.0-G-01-26478
14188,RGI2000-v7.0-G-01-26479
14189,RGI2000-v7.0-G-01-26481
14190,RGI2000-v7.0-G-01-26484
14191,RGI2000-v7.0-G-01-26486
14192,RGI2000-v7.0-G-01-26488
14193,RGI2000-v7.0-G-01-26492
14194,RGI2000-v7.0-G-01-26495
14195,RGI2000-v7.0-G-01-26547
14196,RGI2000-v7.0-G-01-26550
14197,RGI2000-v7.0-G-01-26559
14198,RGI2000-v7.0-G-01-26562
14199,RGI2000-v7.0-G-01-26565
14200,RGI2000-v7.0-G-01-26566
14201,RGI2000-v7.0-G-01-26569
14202,RGI2000-v7.0-G-01-26574
14203,RGI2000-v7.0-G-01-26575
14204,RGI2000-v7.0-G-01-26595
14205,RGI2000-v7.0-G-01-26596
14206,RGI2000-v7.0-G-01-26599
14207,RGI2000-v7.0-G-01-26604
14208,RGI2000-v7.0-G-01-26608
14209,RGI2000-v7.0-G-01-26616
14210,RGI2000-v7.0-G-01-26618
14211,RGI2000-v7.0-G-01-26656
14212,RGI2000-v7.0-G-01-26674
14213,RGI2000-v7.0-G-01-26700
14214,RGI2000-v7.0-G-01-26706
14215,RGI2000-v7.0-G-01-26708
14216,RGI2000-v7.0-G-01-26713
14217,RGI2000-v7.0-G-01-26721
14218,RGI2000-v7.0-G-01-26723
14219,RGI2000-v7.0-G-01-26726
14220,RGI2000-v7.0-G-01-26731
14221,RGI2000-v7.0-G-01-26733
14222,RGI2000-v7.0-G-01-26735
14223,RGI2000-v7.0-G-01-26736
14224,RGI2000-v7.0-G-01-26738
14225,RGI2000-v7.0-G-01-26739
14226,RGI2000-v7.0-G-01-26744
14227,RGI2000-v7.0-G-01-26746
14228,RGI2000-v7.0-G-01-26751
14229,RGI2000-v7.0-G-01-26752
14230,RGI2000-v7.0-G-01-26753
14231,RGI2000-v7.0-G-01-26754
14232,RGI2000-v7.0-G-01-26756
14233,RGI2000-v7.0-G-01-26758
14234,RGI2000-v7.0-G-01-26762
14235,RGI2000-v7.0-G-01-26763
14236,RGI2000-v7.0-G-01-26764
14237,RGI2000-v7.0-G-01-26766
14238,RGI2000-v7.0-G-01-26768
14239,RGI2000-v7.0-G-01-26774
14240,RGI2000-v7.0-G-01-26776
14241,RGI2000-v7.0-G-01-26781
14242,RGI2000-v7.0-G-01-26784
14243,RGI2000-v7.0-G-01-26785
14244,RGI2000-v7.0-G-01-26789
14245,RGI2000-v7.0-G-01-26790
14246,RGI2000-v7.0-G-01-26791
14247,RGI2000-v7.0-G-01-26793
14248,RGI2000-v7.0-G-01-26794
14249,RGI2000-v7.0-G-01-26798
14250,RGI2000-v7.0-G-01-26800
14251,RGI2000-v7.0-G-01-26804
14252,RGI2000-v7.0-G-01-26806
14253,RGI2000-v7.0-G-01-26807
14254,RGI2000-v7.0-G-01-26809
14255,RGI2000-v7.0-G-01-26813
14256,RGI2000-v7.0-G-01-26815
14257,RGI2000-v7.0-G-01-26820
14258,RGI2000-v7.0-G-01-26821
14259,RGI2000-v7.0-G-01-26827
14260,RGI2000-v7.0-G-01-26829
14261,RGI2000-v7.0-G-01-26838
14262,RGI2000-v7.0-G-01-26842
14263,RGI2000-v7.0-G-01-26843
14264,RGI2000-v7.0-G-01-26845
14265,RGI2000-v7.0-G-01-26847
14266,RGI2000-v7.0-G-01-26852
14267,RGI2000-v7.0-G-01-26855
14268,RGI2000-v7.0-G-01-26856
14269,RGI2000-v7.0-G-01-26858
14270,RGI2000-v7.0-G-01-26861
14271,RGI2000-v7.0-G-01-26862
14272,RGI2000-v7.0-G-01-26864
14273,RGI2000-v7.0-G-01-26866
14274,RGI2000-v7.0-G-01-26867
14275,RGI2000-v7.0-G-01-26870
14276,RGI2000-v7.0-G-01-26878
14277,RGI2000-v7.0-G-01-26883
14278,RGI2000-v7.0-G-01-26884
14279,RGI2000-v7.0-G-01-26885
14280,RGI2000-v7.0-G-01-26886
14281,RGI2000-v7.0-G-01-26887
14282,RGI2000-v7.0-G-01-26888
14283,RGI2000-v7.0-G-01-26892
14284,RGI2000-v7.0-G-01-26894
14285,RGI2000-v7.0-G-01-26898
14286,RGI2000-v7.0-G-01-26899
14287,RGI2000-v7.0-G-01-26901
14288,RGI2000-v7.0-G-01-26904
14289,RGI2000-v7.0-G-01-26907
14290,RGI2000-v7.0-G-01-26917
14291,RGI2000-v7.0-G-01-26918
14292,RGI2000-v7.0-G-01-26919
14293,RGI2000-v7.0-G-01-26920
14294,RGI2000-v7.0-G-01-26922
14295,RGI2000-v7.0-G-01-26923
14296,RGI2000-v7.0-G-01-26931
14297,RGI2000-v7.0-G-01-26939
14298,RGI2000-v7.0-G-01-26943
14299,RGI2000-v7.0-G-01-26949
14300,RGI2000-v7.0-G-01-26951
14301,RGI2000-v7.0-G-01-26956
14302,RGI2000-v7.0-G-01-26960
14303,RGI2000-v7.0-G-01-26963
14304,RGI2000-v7.0-G-01-26968
14305,RGI2000-v7.0-G-01-26970
14306,RGI2000-v7.0-G-01-26976
14307,RGI2000-v7.0-G-01-26997
14308,RGI2000-v7.0-G-01-26998
14309,RGI2000-v7.0-G-01-27006
14310,RGI2000-v7.0-G-01-27010
14311,RGI2000-v7.0-G-01-27011
14312,RGI2000-v7.0-G-01-27049
14313,RGI2000-v7.0-G-01-27051
14314,RGI2000-v7.0-G-01-27056
14315,RGI2000-v7.0-G-01-27057
14316,RGI2000-v7.0-G-01-27058
14317,RGI2000-v7.0-G-01-27060
14318,RGI2000-v7.0-G-01-27061
14319,RGI2000-v7.0-G-01-27063
14320,RGI2000-v7.0-G-01-27071
14321,RGI2000-v7.0-G-01-27081
14322,RGI2000-v7.0-G-01-27085
14323,RGI2000-v7.0-G-01-27087
14324,RGI2000-v7.0-G-01-27123
14325,RGI2000-v7.0-G-01-27133
14326,RGI2000-v7.0-G-01-27147
14327,RGI2000-v7.0-G-01-27155
14328,RGI2000-v7.0-G-01-27156
14329,RGI2000-v7.0-G-01-27162
14330,RGI2000-v7.0-G-01-27163
14331,RGI2000-v7.0-G-01-27166
14332,RGI2000-v7.0-G-01-27174
14333,RGI2000-v7.0-G-01-27177
14334,RGI2000-v7.0-G-01-27178
14335,RGI2000-v7.0-G-01-27209
14336,RGI2000-v7.0-G-01-27210
14337,RGI2000-v7.0-G-01-27219
14338,RGI2000-v7.0-G-01-27220
14339,RGI2000-v7.0-G-01-27222
14340,RGI2000-v7.0-G-01-27227
14341,RGI2000-v7.0-G-01-27230
14342,RGI2000-v7.0-G-01-27234
14343,RGI2000-v7.0-G-01-27237
14344,RGI2000-v7.0-G-01-27242
14345,RGI2000-v7.0-G-01-27243
14346,RGI2000-v7.0-G-01-27247
14347,RGI2000-v7.0-G-01-27252
14348,RGI2000-v7.0-G-01-27269
14349,RGI2000-v7.0-G-01-27286
14350,RGI2000-v7.0-G-01-27291
14351,RGI2000-v7.0-G-01-27314
14352,RGI2000-v7.0-G-01-27315
14353,RGI2000-v7.0-G-01-27329
14354,RGI2000-v7.0-G-01-27330
14355,RGI2000-v7.0-G-01-27335
14356,RGI2000-v7.0-G-01-27336
14357,RGI2000-v7.0-G-01-27337
14358,RGI2000-v7.0-G-01-27338
14359,RGI2000-v7.0-G-01-27355
14360,RGI2000-v7.0-G-01-27357
14361,RGI2000-v7.0-G-01-27371
14362,RGI2000-v7.0-G-01-27372
14363,RGI2000-v7.0-G-01-27374
14364,RGI2000-v7.0-G-01-27376
14365,RGI2000-v7.0-G-01-27379
14366,RGI2000-v7.0-G-01-27383
14367,RGI2000-v7.0-G-01-27384
14368,RGI2000-v7.0-G-01-27385
14369,RGI2000-v7.0-G-01-27386
14370,RGI2000-v7.0-G-01-27388
14371,RGI2000-v7.0-G-01-27392
14372,RGI2000-v7.0-G-01-27393
14373,RGI2000-v7.0-G-01-27394
14374,RGI2000-v7.0-G-01-27395
14375,RGI2000-v7.0-G-01-27397
14376,RGI2000-v7.0-G-01-27405
14377,RGI2000-v7.0-G-01-27407
14378,RGI2000-v7.0-G-01-27421
14379,RGI2000-v7.0-G-01-27476
14380,RGI2000-v7.0-G-01-27479
